
SQL*Plus: Release 19.0.0.0.0 - Production on Wed Feb 19 11:45:40 2025
Version 19.3.0.0.0

Copyright (c) 1982, 2019, Oracle.  All rights reserved.

Enter user-name: sys as sysdba
Enter password:

Connected to:
Oracle Database 19c Enterprise Edition Release 19.0.0.0.0 - Production
Version 19.3.0.0.0

SQL> alter session set container=orclpdb;

Session altered.

SQL> alter pluggable database open;
alter pluggable database open
*
ERROR at line 1:
ORA-65019: pluggable database ORCLPDB already open


SQL> hr/hr@orclpdb
SP2-0734: unknown command beginning "hr/hr@orcl..." - rest of line ignored.
SQL> conn hr/hr@orclpdb
Connected.
SQL> select last_name,
  2  TO_CHAR (hire_date, 'fmDdspth "of" Month YYYY fmHH:MI:SS AM')
  3  HIREDATE
  4  FROM employees;

LAST_NAME
-------------------------
HIREDATE
-----------------------------------------------------------------------
King
Seventeenth of June 2003 12:00:00 AM

Kochhar
Twenty-First of September 2005 12:00:00 AM

De Haan
Thirteenth of January 2001 12:00:00 AM


LAST_NAME
-------------------------
HIREDATE
-----------------------------------------------------------------------
Hunold
Third of January 2006 12:00:00 AM

Ernst
Twenty-First of May 2007 12:00:00 AM

Austin
Twenty-Fifth of June 2005 12:00:00 AM


LAST_NAME
-------------------------
HIREDATE
-----------------------------------------------------------------------
Pataballa
Fifth of February 2006 12:00:00 AM

Lorentz
Seventh of February 2007 12:00:00 AM

Greenberg
Seventeenth of August 2002 12:00:00 AM


LAST_NAME
-------------------------
HIREDATE
-----------------------------------------------------------------------
Faviet
Sixteenth of August 2002 12:00:00 AM

Chen
Twenty-Eighth of September 2005 12:00:00 AM

Sciarra
Thirtieth of September 2005 12:00:00 AM


LAST_NAME
-------------------------
HIREDATE
-----------------------------------------------------------------------
Urman
Seventh of March 2006 12:00:00 AM

Popp
Seventh of December 2007 12:00:00 AM

Raphaely
Seventh of December 2002 12:00:00 AM


LAST_NAME
-------------------------
HIREDATE
-----------------------------------------------------------------------
Khoo
Eighteenth of May 2003 12:00:00 AM

Baida
Twenty-Fourth of December 2005 12:00:00 AM

Tobias
Twenty-Fourth of July 2005 12:00:00 AM


LAST_NAME
-------------------------
HIREDATE
-----------------------------------------------------------------------
Himuro
Fifteenth of November 2006 12:00:00 AM

Colmenares
Tenth of August 2007 12:00:00 AM

Weiss
Eighteenth of July 2004 12:00:00 AM


LAST_NAME
-------------------------
HIREDATE
-----------------------------------------------------------------------
Fripp
Tenth of April 2005 12:00:00 AM

Kaufling
First of May 2003 12:00:00 AM

Vollman
Tenth of October 2005 12:00:00 AM


LAST_NAME
-------------------------
HIREDATE
-----------------------------------------------------------------------
Mourgos
Sixteenth of November 2007 12:00:00 AM

Nayer
Sixteenth of July 2005 12:00:00 AM

Mikkilineni
Twenty-Eighth of September 2006 12:00:00 AM


LAST_NAME
-------------------------
HIREDATE
-----------------------------------------------------------------------
Landry
Fourteenth of January 2007 12:00:00 AM

Markle
Eighth of March 2008 12:00:00 AM

Bissot
Twentieth of August 2005 12:00:00 AM


LAST_NAME
-------------------------
HIREDATE
-----------------------------------------------------------------------
Atkinson
Thirtieth of October 2005 12:00:00 AM

Marlow
Sixteenth of February 2005 12:00:00 AM

Olson
Tenth of April 2007 12:00:00 AM


LAST_NAME
-------------------------
HIREDATE
-----------------------------------------------------------------------
Mallin
Fourteenth of June 2004 12:00:00 AM

Rogers
Twenty-Sixth of August 2006 12:00:00 AM

Gee
Twelfth of December 2007 12:00:00 AM


LAST_NAME
-------------------------
HIREDATE
-----------------------------------------------------------------------
Philtanker
Sixth of February 2008 12:00:00 AM

Ladwig
Fourteenth of July 2003 12:00:00 AM

Stiles
Twenty-Sixth of October 2005 12:00:00 AM


LAST_NAME
-------------------------
HIREDATE
-----------------------------------------------------------------------
Seo
Twelfth of February 2006 12:00:00 AM

Patel
Sixth of April 2006 12:00:00 AM

Rajs
Seventeenth of October 2003 12:00:00 AM


LAST_NAME
-------------------------
HIREDATE
-----------------------------------------------------------------------
Davies
Twenty-Ninth of January 2005 12:00:00 AM

Matos
Fifteenth of March 2006 12:00:00 AM

Vargas
Ninth of July 2006 12:00:00 AM


LAST_NAME
-------------------------
HIREDATE
-----------------------------------------------------------------------
Russell
First of October 2004 12:00:00 AM

Partners
Fifth of January 2005 12:00:00 AM

Errazuriz
Tenth of March 2005 12:00:00 AM


LAST_NAME
-------------------------
HIREDATE
-----------------------------------------------------------------------
Cambrault
Fifteenth of October 2007 12:00:00 AM

Zlotkey
Twenty-Ninth of January 2008 12:00:00 AM

Tucker
Thirtieth of January 2005 12:00:00 AM


LAST_NAME
-------------------------
HIREDATE
-----------------------------------------------------------------------
Bernstein
Twenty-Fourth of March 2005 12:00:00 AM

Hall
Twentieth of August 2005 12:00:00 AM

Olsen
Thirtieth of March 2006 12:00:00 AM


LAST_NAME
-------------------------
HIREDATE
-----------------------------------------------------------------------
Cambrault
Ninth of December 2006 12:00:00 AM

Tuvault
Twenty-Third of November 2007 12:00:00 AM

King
Thirtieth of January 2004 12:00:00 AM


LAST_NAME
-------------------------
HIREDATE
-----------------------------------------------------------------------
Sully
Fourth of March 2004 12:00:00 AM

McEwen
First of August 2004 12:00:00 AM

Smith
Tenth of March 2005 12:00:00 AM


LAST_NAME
-------------------------
HIREDATE
-----------------------------------------------------------------------
Doran
Fifteenth of December 2005 12:00:00 AM

Sewall
Third of November 2006 12:00:00 AM

Vishney
Eleventh of November 2005 12:00:00 AM


LAST_NAME
-------------------------
HIREDATE
-----------------------------------------------------------------------
Greene
Nineteenth of March 2007 12:00:00 AM

Marvins
Twenty-Fourth of January 2008 12:00:00 AM

Lee
Twenty-Third of February 2008 12:00:00 AM


LAST_NAME
-------------------------
HIREDATE
-----------------------------------------------------------------------
Ande
Twenty-Fourth of March 2008 12:00:00 AM

Banda
Twenty-First of April 2008 12:00:00 AM

Ozer
Eleventh of March 2005 12:00:00 AM


LAST_NAME
-------------------------
HIREDATE
-----------------------------------------------------------------------
Bloom
Twenty-Third of March 2006 12:00:00 AM

Fox
Twenty-Fourth of January 2006 12:00:00 AM

Smith
Twenty-Third of February 2007 12:00:00 AM


LAST_NAME
-------------------------
HIREDATE
-----------------------------------------------------------------------
Bates
Twenty-Fourth of March 2007 12:00:00 AM

Kumar
Twenty-First of April 2008 12:00:00 AM

Abel
Eleventh of May 2004 12:00:00 AM


LAST_NAME
-------------------------
HIREDATE
-----------------------------------------------------------------------
Hutton
Nineteenth of March 2005 12:00:00 AM

Taylor
Twenty-Fourth of March 2006 12:00:00 AM

Livingston
Twenty-Third of April 2006 12:00:00 AM


LAST_NAME
-------------------------
HIREDATE
-----------------------------------------------------------------------
Grant
Twenty-Fourth of May 2007 12:00:00 AM

Johnson
Fourth of January 2008 12:00:00 AM

Taylor
Twenty-Fourth of January 2006 12:00:00 AM


LAST_NAME
-------------------------
HIREDATE
-----------------------------------------------------------------------
Fleaur
Twenty-Third of February 2006 12:00:00 AM

Sullivan
Twenty-First of June 2007 12:00:00 AM

Geoni
Third of February 2008 12:00:00 AM


LAST_NAME
-------------------------
HIREDATE
-----------------------------------------------------------------------
Sarchand
Twenty-Seventh of January 2004 12:00:00 AM

Bull
Twentieth of February 2005 12:00:00 AM

Dellinger
Twenty-Fourth of June 2006 12:00:00 AM


LAST_NAME
-------------------------
HIREDATE
-----------------------------------------------------------------------
Cabrio
Seventh of February 2007 12:00:00 AM

Chung
Fourteenth of June 2005 12:00:00 AM

Dilly
Thirteenth of August 2005 12:00:00 AM


LAST_NAME
-------------------------
HIREDATE
-----------------------------------------------------------------------
Gates
Eleventh of July 2006 12:00:00 AM

Perkins
Nineteenth of December 2007 12:00:00 AM

Bell
Fourth of February 2004 12:00:00 AM


LAST_NAME
-------------------------
HIREDATE
-----------------------------------------------------------------------
Everett
Third of March 2005 12:00:00 AM

McCain
First of July 2006 12:00:00 AM

Jones
Seventeenth of March 2007 12:00:00 AM


LAST_NAME
-------------------------
HIREDATE
-----------------------------------------------------------------------
Walsh
Twenty-Fourth of April 2006 12:00:00 AM

Feeney
Twenty-Third of May 2006 12:00:00 AM

OConnell
Twenty-First of June 2007 12:00:00 AM


LAST_NAME
-------------------------
HIREDATE
-----------------------------------------------------------------------
Grant
Thirteenth of January 2008 12:00:00 AM

Whalen
Seventeenth of September 2003 12:00:00 AM

Hartstein
Seventeenth of February 2004 12:00:00 AM


LAST_NAME
-------------------------
HIREDATE
-----------------------------------------------------------------------
Fay
Seventeenth of August 2005 12:00:00 AM

Mavris
Seventh of June 2002 12:00:00 AM

Baer
Seventh of June 2002 12:00:00 AM


LAST_NAME
-------------------------
HIREDATE
-----------------------------------------------------------------------
Higgins
Seventh of June 2002 12:00:00 AM

Gietz
Seventh of June 2002 12:00:00 AM


107 rows selected.

SQL> set lines 200
SQL> /

LAST_NAME                 HIREDATE
------------------------- -----------------------------------------------------------------------
King                      Seventeenth of June 2003 12:00:00 AM
Kochhar                   Twenty-First of September 2005 12:00:00 AM
De Haan                   Thirteenth of January 2001 12:00:00 AM
Hunold                    Third of January 2006 12:00:00 AM
Ernst                     Twenty-First of May 2007 12:00:00 AM
Austin                    Twenty-Fifth of June 2005 12:00:00 AM
Pataballa                 Fifth of February 2006 12:00:00 AM
Lorentz                   Seventh of February 2007 12:00:00 AM
Greenberg                 Seventeenth of August 2002 12:00:00 AM
Faviet                    Sixteenth of August 2002 12:00:00 AM
Chen                      Twenty-Eighth of September 2005 12:00:00 AM

LAST_NAME                 HIREDATE
------------------------- -----------------------------------------------------------------------
Sciarra                   Thirtieth of September 2005 12:00:00 AM
Urman                     Seventh of March 2006 12:00:00 AM
Popp                      Seventh of December 2007 12:00:00 AM
Raphaely                  Seventh of December 2002 12:00:00 AM
Khoo                      Eighteenth of May 2003 12:00:00 AM
Baida                     Twenty-Fourth of December 2005 12:00:00 AM
Tobias                    Twenty-Fourth of July 2005 12:00:00 AM
Himuro                    Fifteenth of November 2006 12:00:00 AM
Colmenares                Tenth of August 2007 12:00:00 AM
Weiss                     Eighteenth of July 2004 12:00:00 AM
Fripp                     Tenth of April 2005 12:00:00 AM

LAST_NAME                 HIREDATE
------------------------- -----------------------------------------------------------------------
Kaufling                  First of May 2003 12:00:00 AM
Vollman                   Tenth of October 2005 12:00:00 AM
Mourgos                   Sixteenth of November 2007 12:00:00 AM
Nayer                     Sixteenth of July 2005 12:00:00 AM
Mikkilineni               Twenty-Eighth of September 2006 12:00:00 AM
Landry                    Fourteenth of January 2007 12:00:00 AM
Markle                    Eighth of March 2008 12:00:00 AM
Bissot                    Twentieth of August 2005 12:00:00 AM
Atkinson                  Thirtieth of October 2005 12:00:00 AM
Marlow                    Sixteenth of February 2005 12:00:00 AM
Olson                     Tenth of April 2007 12:00:00 AM

LAST_NAME                 HIREDATE
------------------------- -----------------------------------------------------------------------
Mallin                    Fourteenth of June 2004 12:00:00 AM
Rogers                    Twenty-Sixth of August 2006 12:00:00 AM
Gee                       Twelfth of December 2007 12:00:00 AM
Philtanker                Sixth of February 2008 12:00:00 AM
Ladwig                    Fourteenth of July 2003 12:00:00 AM
Stiles                    Twenty-Sixth of October 2005 12:00:00 AM
Seo                       Twelfth of February 2006 12:00:00 AM
Patel                     Sixth of April 2006 12:00:00 AM
Rajs                      Seventeenth of October 2003 12:00:00 AM
Davies                    Twenty-Ninth of January 2005 12:00:00 AM
Matos                     Fifteenth of March 2006 12:00:00 AM

LAST_NAME                 HIREDATE
------------------------- -----------------------------------------------------------------------
Vargas                    Ninth of July 2006 12:00:00 AM
Russell                   First of October 2004 12:00:00 AM
Partners                  Fifth of January 2005 12:00:00 AM
Errazuriz                 Tenth of March 2005 12:00:00 AM
Cambrault                 Fifteenth of October 2007 12:00:00 AM
Zlotkey                   Twenty-Ninth of January 2008 12:00:00 AM
Tucker                    Thirtieth of January 2005 12:00:00 AM
Bernstein                 Twenty-Fourth of March 2005 12:00:00 AM
Hall                      Twentieth of August 2005 12:00:00 AM
Olsen                     Thirtieth of March 2006 12:00:00 AM
Cambrault                 Ninth of December 2006 12:00:00 AM

LAST_NAME                 HIREDATE
------------------------- -----------------------------------------------------------------------
Tuvault                   Twenty-Third of November 2007 12:00:00 AM
King                      Thirtieth of January 2004 12:00:00 AM
Sully                     Fourth of March 2004 12:00:00 AM
McEwen                    First of August 2004 12:00:00 AM
Smith                     Tenth of March 2005 12:00:00 AM
Doran                     Fifteenth of December 2005 12:00:00 AM
Sewall                    Third of November 2006 12:00:00 AM
Vishney                   Eleventh of November 2005 12:00:00 AM
Greene                    Nineteenth of March 2007 12:00:00 AM
Marvins                   Twenty-Fourth of January 2008 12:00:00 AM
Lee                       Twenty-Third of February 2008 12:00:00 AM

LAST_NAME                 HIREDATE
------------------------- -----------------------------------------------------------------------
Ande                      Twenty-Fourth of March 2008 12:00:00 AM
Banda                     Twenty-First of April 2008 12:00:00 AM
Ozer                      Eleventh of March 2005 12:00:00 AM
Bloom                     Twenty-Third of March 2006 12:00:00 AM
Fox                       Twenty-Fourth of January 2006 12:00:00 AM
Smith                     Twenty-Third of February 2007 12:00:00 AM
Bates                     Twenty-Fourth of March 2007 12:00:00 AM
Kumar                     Twenty-First of April 2008 12:00:00 AM
Abel                      Eleventh of May 2004 12:00:00 AM
Hutton                    Nineteenth of March 2005 12:00:00 AM
Taylor                    Twenty-Fourth of March 2006 12:00:00 AM

LAST_NAME                 HIREDATE
------------------------- -----------------------------------------------------------------------
Livingston                Twenty-Third of April 2006 12:00:00 AM
Grant                     Twenty-Fourth of May 2007 12:00:00 AM
Johnson                   Fourth of January 2008 12:00:00 AM
Taylor                    Twenty-Fourth of January 2006 12:00:00 AM
Fleaur                    Twenty-Third of February 2006 12:00:00 AM
Sullivan                  Twenty-First of June 2007 12:00:00 AM
Geoni                     Third of February 2008 12:00:00 AM
Sarchand                  Twenty-Seventh of January 2004 12:00:00 AM
Bull                      Twentieth of February 2005 12:00:00 AM
Dellinger                 Twenty-Fourth of June 2006 12:00:00 AM
Cabrio                    Seventh of February 2007 12:00:00 AM

LAST_NAME                 HIREDATE
------------------------- -----------------------------------------------------------------------
Chung                     Fourteenth of June 2005 12:00:00 AM
Dilly                     Thirteenth of August 2005 12:00:00 AM
Gates                     Eleventh of July 2006 12:00:00 AM
Perkins                   Nineteenth of December 2007 12:00:00 AM
Bell                      Fourth of February 2004 12:00:00 AM
Everett                   Third of March 2005 12:00:00 AM
McCain                    First of July 2006 12:00:00 AM
Jones                     Seventeenth of March 2007 12:00:00 AM
Walsh                     Twenty-Fourth of April 2006 12:00:00 AM
Feeney                    Twenty-Third of May 2006 12:00:00 AM
OConnell                  Twenty-First of June 2007 12:00:00 AM

LAST_NAME                 HIREDATE
------------------------- -----------------------------------------------------------------------
Grant                     Thirteenth of January 2008 12:00:00 AM
Whalen                    Seventeenth of September 2003 12:00:00 AM
Hartstein                 Seventeenth of February 2004 12:00:00 AM
Fay                       Seventeenth of August 2005 12:00:00 AM
Mavris                    Seventh of June 2002 12:00:00 AM
Baer                      Seventh of June 2002 12:00:00 AM
Higgins                   Seventh of June 2002 12:00:00 AM
Gietz                     Seventh of June 2002 12:00:00 AM

107 rows selected.

SQL> ed
Wrote file afiedt.buf

  1  select last_name,
  2  TO_CHAR (hire_date, 'fmDdspth "of" Month YEAR fmHH:MI:SS AM')
  3  HIREDATE
  4* FROM employees
SQL> /

LAST_NAME                 HIREDATE
------------------------- -------------------------------------------------------------------------------------------------------------
King                      Seventeenth of June TWO THOUSAND THREE 12:00:00 AM
Kochhar                   Twenty-First of September TWO THOUSAND FIVE 12:00:00 AM
De Haan                   Thirteenth of January TWO THOUSAND ONE 12:00:00 AM
Hunold                    Third of January TWO THOUSAND SIX 12:00:00 AM
Ernst                     Twenty-First of May TWO THOUSAND SEVEN 12:00:00 AM
Austin                    Twenty-Fifth of June TWO THOUSAND FIVE 12:00:00 AM
Pataballa                 Fifth of February TWO THOUSAND SIX 12:00:00 AM
Lorentz                   Seventh of February TWO THOUSAND SEVEN 12:00:00 AM
Greenberg                 Seventeenth of August TWO THOUSAND TWO 12:00:00 AM
Faviet                    Sixteenth of August TWO THOUSAND TWO 12:00:00 AM
Chen                      Twenty-Eighth of September TWO THOUSAND FIVE 12:00:00 AM

LAST_NAME                 HIREDATE
------------------------- -------------------------------------------------------------------------------------------------------------
Sciarra                   Thirtieth of September TWO THOUSAND FIVE 12:00:00 AM
Urman                     Seventh of March TWO THOUSAND SIX 12:00:00 AM
Popp                      Seventh of December TWO THOUSAND SEVEN 12:00:00 AM
Raphaely                  Seventh of December TWO THOUSAND TWO 12:00:00 AM
Khoo                      Eighteenth of May TWO THOUSAND THREE 12:00:00 AM
Baida                     Twenty-Fourth of December TWO THOUSAND FIVE 12:00:00 AM
Tobias                    Twenty-Fourth of July TWO THOUSAND FIVE 12:00:00 AM
Himuro                    Fifteenth of November TWO THOUSAND SIX 12:00:00 AM
Colmenares                Tenth of August TWO THOUSAND SEVEN 12:00:00 AM
Weiss                     Eighteenth of July TWO THOUSAND FOUR 12:00:00 AM
Fripp                     Tenth of April TWO THOUSAND FIVE 12:00:00 AM

LAST_NAME                 HIREDATE
------------------------- -------------------------------------------------------------------------------------------------------------
Kaufling                  First of May TWO THOUSAND THREE 12:00:00 AM
Vollman                   Tenth of October TWO THOUSAND FIVE 12:00:00 AM
Mourgos                   Sixteenth of November TWO THOUSAND SEVEN 12:00:00 AM
Nayer                     Sixteenth of July TWO THOUSAND FIVE 12:00:00 AM
Mikkilineni               Twenty-Eighth of September TWO THOUSAND SIX 12:00:00 AM
Landry                    Fourteenth of January TWO THOUSAND SEVEN 12:00:00 AM
Markle                    Eighth of March TWO THOUSAND EIGHT 12:00:00 AM
Bissot                    Twentieth of August TWO THOUSAND FIVE 12:00:00 AM
Atkinson                  Thirtieth of October TWO THOUSAND FIVE 12:00:00 AM
Marlow                    Sixteenth of February TWO THOUSAND FIVE 12:00:00 AM
Olson                     Tenth of April TWO THOUSAND SEVEN 12:00:00 AM

LAST_NAME                 HIREDATE
------------------------- -------------------------------------------------------------------------------------------------------------
Mallin                    Fourteenth of June TWO THOUSAND FOUR 12:00:00 AM
Rogers                    Twenty-Sixth of August TWO THOUSAND SIX 12:00:00 AM
Gee                       Twelfth of December TWO THOUSAND SEVEN 12:00:00 AM
Philtanker                Sixth of February TWO THOUSAND EIGHT 12:00:00 AM
Ladwig                    Fourteenth of July TWO THOUSAND THREE 12:00:00 AM
Stiles                    Twenty-Sixth of October TWO THOUSAND FIVE 12:00:00 AM
Seo                       Twelfth of February TWO THOUSAND SIX 12:00:00 AM
Patel                     Sixth of April TWO THOUSAND SIX 12:00:00 AM
Rajs                      Seventeenth of October TWO THOUSAND THREE 12:00:00 AM
Davies                    Twenty-Ninth of January TWO THOUSAND FIVE 12:00:00 AM
Matos                     Fifteenth of March TWO THOUSAND SIX 12:00:00 AM

LAST_NAME                 HIREDATE
------------------------- -------------------------------------------------------------------------------------------------------------
Vargas                    Ninth of July TWO THOUSAND SIX 12:00:00 AM
Russell                   First of October TWO THOUSAND FOUR 12:00:00 AM
Partners                  Fifth of January TWO THOUSAND FIVE 12:00:00 AM
Errazuriz                 Tenth of March TWO THOUSAND FIVE 12:00:00 AM
Cambrault                 Fifteenth of October TWO THOUSAND SEVEN 12:00:00 AM
Zlotkey                   Twenty-Ninth of January TWO THOUSAND EIGHT 12:00:00 AM
Tucker                    Thirtieth of January TWO THOUSAND FIVE 12:00:00 AM
Bernstein                 Twenty-Fourth of March TWO THOUSAND FIVE 12:00:00 AM
Hall                      Twentieth of August TWO THOUSAND FIVE 12:00:00 AM
Olsen                     Thirtieth of March TWO THOUSAND SIX 12:00:00 AM
Cambrault                 Ninth of December TWO THOUSAND SIX 12:00:00 AM

LAST_NAME                 HIREDATE
------------------------- -------------------------------------------------------------------------------------------------------------
Tuvault                   Twenty-Third of November TWO THOUSAND SEVEN 12:00:00 AM
King                      Thirtieth of January TWO THOUSAND FOUR 12:00:00 AM
Sully                     Fourth of March TWO THOUSAND FOUR 12:00:00 AM
McEwen                    First of August TWO THOUSAND FOUR 12:00:00 AM
Smith                     Tenth of March TWO THOUSAND FIVE 12:00:00 AM
Doran                     Fifteenth of December TWO THOUSAND FIVE 12:00:00 AM
Sewall                    Third of November TWO THOUSAND SIX 12:00:00 AM
Vishney                   Eleventh of November TWO THOUSAND FIVE 12:00:00 AM
Greene                    Nineteenth of March TWO THOUSAND SEVEN 12:00:00 AM
Marvins                   Twenty-Fourth of January TWO THOUSAND EIGHT 12:00:00 AM
Lee                       Twenty-Third of February TWO THOUSAND EIGHT 12:00:00 AM

LAST_NAME                 HIREDATE
------------------------- -------------------------------------------------------------------------------------------------------------
Ande                      Twenty-Fourth of March TWO THOUSAND EIGHT 12:00:00 AM
Banda                     Twenty-First of April TWO THOUSAND EIGHT 12:00:00 AM
Ozer                      Eleventh of March TWO THOUSAND FIVE 12:00:00 AM
Bloom                     Twenty-Third of March TWO THOUSAND SIX 12:00:00 AM
Fox                       Twenty-Fourth of January TWO THOUSAND SIX 12:00:00 AM
Smith                     Twenty-Third of February TWO THOUSAND SEVEN 12:00:00 AM
Bates                     Twenty-Fourth of March TWO THOUSAND SEVEN 12:00:00 AM
Kumar                     Twenty-First of April TWO THOUSAND EIGHT 12:00:00 AM
Abel                      Eleventh of May TWO THOUSAND FOUR 12:00:00 AM
Hutton                    Nineteenth of March TWO THOUSAND FIVE 12:00:00 AM
Taylor                    Twenty-Fourth of March TWO THOUSAND SIX 12:00:00 AM

LAST_NAME                 HIREDATE
------------------------- -------------------------------------------------------------------------------------------------------------
Livingston                Twenty-Third of April TWO THOUSAND SIX 12:00:00 AM
Grant                     Twenty-Fourth of May TWO THOUSAND SEVEN 12:00:00 AM
Johnson                   Fourth of January TWO THOUSAND EIGHT 12:00:00 AM
Taylor                    Twenty-Fourth of January TWO THOUSAND SIX 12:00:00 AM
Fleaur                    Twenty-Third of February TWO THOUSAND SIX 12:00:00 AM
Sullivan                  Twenty-First of June TWO THOUSAND SEVEN 12:00:00 AM
Geoni                     Third of February TWO THOUSAND EIGHT 12:00:00 AM
Sarchand                  Twenty-Seventh of January TWO THOUSAND FOUR 12:00:00 AM
Bull                      Twentieth of February TWO THOUSAND FIVE 12:00:00 AM
Dellinger                 Twenty-Fourth of June TWO THOUSAND SIX 12:00:00 AM
Cabrio                    Seventh of February TWO THOUSAND SEVEN 12:00:00 AM

LAST_NAME                 HIREDATE
------------------------- -------------------------------------------------------------------------------------------------------------
Chung                     Fourteenth of June TWO THOUSAND FIVE 12:00:00 AM
Dilly                     Thirteenth of August TWO THOUSAND FIVE 12:00:00 AM
Gates                     Eleventh of July TWO THOUSAND SIX 12:00:00 AM
Perkins                   Nineteenth of December TWO THOUSAND SEVEN 12:00:00 AM
Bell                      Fourth of February TWO THOUSAND FOUR 12:00:00 AM
Everett                   Third of March TWO THOUSAND FIVE 12:00:00 AM
McCain                    First of July TWO THOUSAND SIX 12:00:00 AM
Jones                     Seventeenth of March TWO THOUSAND SEVEN 12:00:00 AM
Walsh                     Twenty-Fourth of April TWO THOUSAND SIX 12:00:00 AM
Feeney                    Twenty-Third of May TWO THOUSAND SIX 12:00:00 AM
OConnell                  Twenty-First of June TWO THOUSAND SEVEN 12:00:00 AM

LAST_NAME                 HIREDATE
------------------------- -------------------------------------------------------------------------------------------------------------
Grant                     Thirteenth of January TWO THOUSAND EIGHT 12:00:00 AM
Whalen                    Seventeenth of September TWO THOUSAND THREE 12:00:00 AM
Hartstein                 Seventeenth of February TWO THOUSAND FOUR 12:00:00 AM
Fay                       Seventeenth of August TWO THOUSAND FIVE 12:00:00 AM
Mavris                    Seventh of June TWO THOUSAND TWO 12:00:00 AM
Baer                      Seventh of June TWO THOUSAND TWO 12:00:00 AM
Higgins                   Seventh of June TWO THOUSAND TWO 12:00:00 AM
Gietz                     Seventh of June TWO THOUSAND TWO 12:00:00 AM

107 rows selected.

SQL> ed
Wrote file afiedt.buf

  1  select last_name,
  2  TO_CHAR (hire_date, 'fmDdspth "haramzada" Month YEAR fmHH:MI:SS AM')
  3  HIREDATE
  4* FROM employees
SQL> /

LAST_NAME                 HIREDATE
------------------------- --------------------------------------------------------------------------------------------------------------------
King                      Seventeenth haramzada June TWO THOUSAND THREE 12:00:00 AM
Kochhar                   Twenty-First haramzada September TWO THOUSAND FIVE 12:00:00 AM
De Haan                   Thirteenth haramzada January TWO THOUSAND ONE 12:00:00 AM
Hunold                    Third haramzada January TWO THOUSAND SIX 12:00:00 AM
Ernst                     Twenty-First haramzada May TWO THOUSAND SEVEN 12:00:00 AM
Austin                    Twenty-Fifth haramzada June TWO THOUSAND FIVE 12:00:00 AM
Pataballa                 Fifth haramzada February TWO THOUSAND SIX 12:00:00 AM
Lorentz                   Seventh haramzada February TWO THOUSAND SEVEN 12:00:00 AM
Greenberg                 Seventeenth haramzada August TWO THOUSAND TWO 12:00:00 AM
Faviet                    Sixteenth haramzada August TWO THOUSAND TWO 12:00:00 AM
Chen                      Twenty-Eighth haramzada September TWO THOUSAND FIVE 12:00:00 AM

LAST_NAME                 HIREDATE
------------------------- --------------------------------------------------------------------------------------------------------------------
Sciarra                   Thirtieth haramzada September TWO THOUSAND FIVE 12:00:00 AM
Urman                     Seventh haramzada March TWO THOUSAND SIX 12:00:00 AM
Popp                      Seventh haramzada December TWO THOUSAND SEVEN 12:00:00 AM
Raphaely                  Seventh haramzada December TWO THOUSAND TWO 12:00:00 AM
Khoo                      Eighteenth haramzada May TWO THOUSAND THREE 12:00:00 AM
Baida                     Twenty-Fourth haramzada December TWO THOUSAND FIVE 12:00:00 AM
Tobias                    Twenty-Fourth haramzada July TWO THOUSAND FIVE 12:00:00 AM
Himuro                    Fifteenth haramzada November TWO THOUSAND SIX 12:00:00 AM
Colmenares                Tenth haramzada August TWO THOUSAND SEVEN 12:00:00 AM
Weiss                     Eighteenth haramzada July TWO THOUSAND FOUR 12:00:00 AM
Fripp                     Tenth haramzada April TWO THOUSAND FIVE 12:00:00 AM

LAST_NAME                 HIREDATE
------------------------- --------------------------------------------------------------------------------------------------------------------
Kaufling                  First haramzada May TWO THOUSAND THREE 12:00:00 AM
Vollman                   Tenth haramzada October TWO THOUSAND FIVE 12:00:00 AM
Mourgos                   Sixteenth haramzada November TWO THOUSAND SEVEN 12:00:00 AM
Nayer                     Sixteenth haramzada July TWO THOUSAND FIVE 12:00:00 AM
Mikkilineni               Twenty-Eighth haramzada September TWO THOUSAND SIX 12:00:00 AM
Landry                    Fourteenth haramzada January TWO THOUSAND SEVEN 12:00:00 AM
Markle                    Eighth haramzada March TWO THOUSAND EIGHT 12:00:00 AM
Bissot                    Twentieth haramzada August TWO THOUSAND FIVE 12:00:00 AM
Atkinson                  Thirtieth haramzada October TWO THOUSAND FIVE 12:00:00 AM
Marlow                    Sixteenth haramzada February TWO THOUSAND FIVE 12:00:00 AM
Olson                     Tenth haramzada April TWO THOUSAND SEVEN 12:00:00 AM

LAST_NAME                 HIREDATE
------------------------- --------------------------------------------------------------------------------------------------------------------
Mallin                    Fourteenth haramzada June TWO THOUSAND FOUR 12:00:00 AM
Rogers                    Twenty-Sixth haramzada August TWO THOUSAND SIX 12:00:00 AM
Gee                       Twelfth haramzada December TWO THOUSAND SEVEN 12:00:00 AM
Philtanker                Sixth haramzada February TWO THOUSAND EIGHT 12:00:00 AM
Ladwig                    Fourteenth haramzada July TWO THOUSAND THREE 12:00:00 AM
Stiles                    Twenty-Sixth haramzada October TWO THOUSAND FIVE 12:00:00 AM
Seo                       Twelfth haramzada February TWO THOUSAND SIX 12:00:00 AM
Patel                     Sixth haramzada April TWO THOUSAND SIX 12:00:00 AM
Rajs                      Seventeenth haramzada October TWO THOUSAND THREE 12:00:00 AM
Davies                    Twenty-Ninth haramzada January TWO THOUSAND FIVE 12:00:00 AM
Matos                     Fifteenth haramzada March TWO THOUSAND SIX 12:00:00 AM

LAST_NAME                 HIREDATE
------------------------- --------------------------------------------------------------------------------------------------------------------
Vargas                    Ninth haramzada July TWO THOUSAND SIX 12:00:00 AM
Russell                   First haramzada October TWO THOUSAND FOUR 12:00:00 AM
Partners                  Fifth haramzada January TWO THOUSAND FIVE 12:00:00 AM
Errazuriz                 Tenth haramzada March TWO THOUSAND FIVE 12:00:00 AM
Cambrault                 Fifteenth haramzada October TWO THOUSAND SEVEN 12:00:00 AM
Zlotkey                   Twenty-Ninth haramzada January TWO THOUSAND EIGHT 12:00:00 AM
Tucker                    Thirtieth haramzada January TWO THOUSAND FIVE 12:00:00 AM
Bernstein                 Twenty-Fourth haramzada March TWO THOUSAND FIVE 12:00:00 AM
Hall                      Twentieth haramzada August TWO THOUSAND FIVE 12:00:00 AM
Olsen                     Thirtieth haramzada March TWO THOUSAND SIX 12:00:00 AM
Cambrault                 Ninth haramzada December TWO THOUSAND SIX 12:00:00 AM

LAST_NAME                 HIREDATE
------------------------- --------------------------------------------------------------------------------------------------------------------
Tuvault                   Twenty-Third haramzada November TWO THOUSAND SEVEN 12:00:00 AM
King                      Thirtieth haramzada January TWO THOUSAND FOUR 12:00:00 AM
Sully                     Fourth haramzada March TWO THOUSAND FOUR 12:00:00 AM
McEwen                    First haramzada August TWO THOUSAND FOUR 12:00:00 AM
Smith                     Tenth haramzada March TWO THOUSAND FIVE 12:00:00 AM
Doran                     Fifteenth haramzada December TWO THOUSAND FIVE 12:00:00 AM
Sewall                    Third haramzada November TWO THOUSAND SIX 12:00:00 AM
Vishney                   Eleventh haramzada November TWO THOUSAND FIVE 12:00:00 AM
Greene                    Nineteenth haramzada March TWO THOUSAND SEVEN 12:00:00 AM
Marvins                   Twenty-Fourth haramzada January TWO THOUSAND EIGHT 12:00:00 AM
Lee                       Twenty-Third haramzada February TWO THOUSAND EIGHT 12:00:00 AM

LAST_NAME                 HIREDATE
------------------------- --------------------------------------------------------------------------------------------------------------------
Ande                      Twenty-Fourth haramzada March TWO THOUSAND EIGHT 12:00:00 AM
Banda                     Twenty-First haramzada April TWO THOUSAND EIGHT 12:00:00 AM
Ozer                      Eleventh haramzada March TWO THOUSAND FIVE 12:00:00 AM
Bloom                     Twenty-Third haramzada March TWO THOUSAND SIX 12:00:00 AM
Fox                       Twenty-Fourth haramzada January TWO THOUSAND SIX 12:00:00 AM
Smith                     Twenty-Third haramzada February TWO THOUSAND SEVEN 12:00:00 AM
Bates                     Twenty-Fourth haramzada March TWO THOUSAND SEVEN 12:00:00 AM
Kumar                     Twenty-First haramzada April TWO THOUSAND EIGHT 12:00:00 AM
Abel                      Eleventh haramzada May TWO THOUSAND FOUR 12:00:00 AM
Hutton                    Nineteenth haramzada March TWO THOUSAND FIVE 12:00:00 AM
Taylor                    Twenty-Fourth haramzada March TWO THOUSAND SIX 12:00:00 AM

LAST_NAME                 HIREDATE
------------------------- --------------------------------------------------------------------------------------------------------------------
Livingston                Twenty-Third haramzada April TWO THOUSAND SIX 12:00:00 AM
Grant                     Twenty-Fourth haramzada May TWO THOUSAND SEVEN 12:00:00 AM
Johnson                   Fourth haramzada January TWO THOUSAND EIGHT 12:00:00 AM
Taylor                    Twenty-Fourth haramzada January TWO THOUSAND SIX 12:00:00 AM
Fleaur                    Twenty-Third haramzada February TWO THOUSAND SIX 12:00:00 AM
Sullivan                  Twenty-First haramzada June TWO THOUSAND SEVEN 12:00:00 AM
Geoni                     Third haramzada February TWO THOUSAND EIGHT 12:00:00 AM
Sarchand                  Twenty-Seventh haramzada January TWO THOUSAND FOUR 12:00:00 AM
Bull                      Twentieth haramzada February TWO THOUSAND FIVE 12:00:00 AM
Dellinger                 Twenty-Fourth haramzada June TWO THOUSAND SIX 12:00:00 AM
Cabrio                    Seventh haramzada February TWO THOUSAND SEVEN 12:00:00 AM

LAST_NAME                 HIREDATE
------------------------- --------------------------------------------------------------------------------------------------------------------
Chung                     Fourteenth haramzada June TWO THOUSAND FIVE 12:00:00 AM
Dilly                     Thirteenth haramzada August TWO THOUSAND FIVE 12:00:00 AM
Gates                     Eleventh haramzada July TWO THOUSAND SIX 12:00:00 AM
Perkins                   Nineteenth haramzada December TWO THOUSAND SEVEN 12:00:00 AM
Bell                      Fourth haramzada February TWO THOUSAND FOUR 12:00:00 AM
Everett                   Third haramzada March TWO THOUSAND FIVE 12:00:00 AM
McCain                    First haramzada July TWO THOUSAND SIX 12:00:00 AM
Jones                     Seventeenth haramzada March TWO THOUSAND SEVEN 12:00:00 AM
Walsh                     Twenty-Fourth haramzada April TWO THOUSAND SIX 12:00:00 AM
Feeney                    Twenty-Third haramzada May TWO THOUSAND SIX 12:00:00 AM
OConnell                  Twenty-First haramzada June TWO THOUSAND SEVEN 12:00:00 AM

LAST_NAME                 HIREDATE
------------------------- --------------------------------------------------------------------------------------------------------------------
Grant                     Thirteenth haramzada January TWO THOUSAND EIGHT 12:00:00 AM
Whalen                    Seventeenth haramzada September TWO THOUSAND THREE 12:00:00 AM
Hartstein                 Seventeenth haramzada February TWO THOUSAND FOUR 12:00:00 AM
Fay                       Seventeenth haramzada August TWO THOUSAND FIVE 12:00:00 AM
Mavris                    Seventh haramzada June TWO THOUSAND TWO 12:00:00 AM
Baer                      Seventh haramzada June TWO THOUSAND TWO 12:00:00 AM
Higgins                   Seventh haramzada June TWO THOUSAND TWO 12:00:00 AM
Gietz                     Seventh haramzada June TWO THOUSAND TWO 12:00:00 AM

107 rows selected.

SQL> ed
Wrote file afiedt.buf

  1  select last_name,
  2  TO_CHAR (hire_date, 'fmDdsp "haramzada" Month YEAR fmHH:MI:SS AM')
  3  HIREDATE
  4* FROM employees
SQL> /

LAST_NAME                 HIREDATE
------------------------- ------------------------------------------------------------------------------------------------------------------
King                      Seventeen haramzada June TWO THOUSAND THREE 12:00:00 AM
Kochhar                   Twenty-One haramzada September TWO THOUSAND FIVE 12:00:00 AM
De Haan                   Thirteen haramzada January TWO THOUSAND ONE 12:00:00 AM
Hunold                    Three haramzada January TWO THOUSAND SIX 12:00:00 AM
Ernst                     Twenty-One haramzada May TWO THOUSAND SEVEN 12:00:00 AM
Austin                    Twenty-Five haramzada June TWO THOUSAND FIVE 12:00:00 AM
Pataballa                 Five haramzada February TWO THOUSAND SIX 12:00:00 AM
Lorentz                   Seven haramzada February TWO THOUSAND SEVEN 12:00:00 AM
Greenberg                 Seventeen haramzada August TWO THOUSAND TWO 12:00:00 AM
Faviet                    Sixteen haramzada August TWO THOUSAND TWO 12:00:00 AM
Chen                      Twenty-Eight haramzada September TWO THOUSAND FIVE 12:00:00 AM

LAST_NAME                 HIREDATE
------------------------- ------------------------------------------------------------------------------------------------------------------
Sciarra                   Thirty haramzada September TWO THOUSAND FIVE 12:00:00 AM
Urman                     Seven haramzada March TWO THOUSAND SIX 12:00:00 AM
Popp                      Seven haramzada December TWO THOUSAND SEVEN 12:00:00 AM
Raphaely                  Seven haramzada December TWO THOUSAND TWO 12:00:00 AM
Khoo                      Eighteen haramzada May TWO THOUSAND THREE 12:00:00 AM
Baida                     Twenty-Four haramzada December TWO THOUSAND FIVE 12:00:00 AM
Tobias                    Twenty-Four haramzada July TWO THOUSAND FIVE 12:00:00 AM
Himuro                    Fifteen haramzada November TWO THOUSAND SIX 12:00:00 AM
Colmenares                Ten haramzada August TWO THOUSAND SEVEN 12:00:00 AM
Weiss                     Eighteen haramzada July TWO THOUSAND FOUR 12:00:00 AM
Fripp                     Ten haramzada April TWO THOUSAND FIVE 12:00:00 AM

LAST_NAME                 HIREDATE
------------------------- ------------------------------------------------------------------------------------------------------------------
Kaufling                  One haramzada May TWO THOUSAND THREE 12:00:00 AM
Vollman                   Ten haramzada October TWO THOUSAND FIVE 12:00:00 AM
Mourgos                   Sixteen haramzada November TWO THOUSAND SEVEN 12:00:00 AM
Nayer                     Sixteen haramzada July TWO THOUSAND FIVE 12:00:00 AM
Mikkilineni               Twenty-Eight haramzada September TWO THOUSAND SIX 12:00:00 AM
Landry                    Fourteen haramzada January TWO THOUSAND SEVEN 12:00:00 AM
Markle                    Eight haramzada March TWO THOUSAND EIGHT 12:00:00 AM
Bissot                    Twenty haramzada August TWO THOUSAND FIVE 12:00:00 AM
Atkinson                  Thirty haramzada October TWO THOUSAND FIVE 12:00:00 AM
Marlow                    Sixteen haramzada February TWO THOUSAND FIVE 12:00:00 AM
Olson                     Ten haramzada April TWO THOUSAND SEVEN 12:00:00 AM

LAST_NAME                 HIREDATE
------------------------- ------------------------------------------------------------------------------------------------------------------
Mallin                    Fourteen haramzada June TWO THOUSAND FOUR 12:00:00 AM
Rogers                    Twenty-Six haramzada August TWO THOUSAND SIX 12:00:00 AM
Gee                       Twelve haramzada December TWO THOUSAND SEVEN 12:00:00 AM
Philtanker                Six haramzada February TWO THOUSAND EIGHT 12:00:00 AM
Ladwig                    Fourteen haramzada July TWO THOUSAND THREE 12:00:00 AM
Stiles                    Twenty-Six haramzada October TWO THOUSAND FIVE 12:00:00 AM
Seo                       Twelve haramzada February TWO THOUSAND SIX 12:00:00 AM
Patel                     Six haramzada April TWO THOUSAND SIX 12:00:00 AM
Rajs                      Seventeen haramzada October TWO THOUSAND THREE 12:00:00 AM
Davies                    Twenty-Nine haramzada January TWO THOUSAND FIVE 12:00:00 AM
Matos                     Fifteen haramzada March TWO THOUSAND SIX 12:00:00 AM

LAST_NAME                 HIREDATE
------------------------- ------------------------------------------------------------------------------------------------------------------
Vargas                    Nine haramzada July TWO THOUSAND SIX 12:00:00 AM
Russell                   One haramzada October TWO THOUSAND FOUR 12:00:00 AM
Partners                  Five haramzada January TWO THOUSAND FIVE 12:00:00 AM
Errazuriz                 Ten haramzada March TWO THOUSAND FIVE 12:00:00 AM
Cambrault                 Fifteen haramzada October TWO THOUSAND SEVEN 12:00:00 AM
Zlotkey                   Twenty-Nine haramzada January TWO THOUSAND EIGHT 12:00:00 AM
Tucker                    Thirty haramzada January TWO THOUSAND FIVE 12:00:00 AM
Bernstein                 Twenty-Four haramzada March TWO THOUSAND FIVE 12:00:00 AM
Hall                      Twenty haramzada August TWO THOUSAND FIVE 12:00:00 AM
Olsen                     Thirty haramzada March TWO THOUSAND SIX 12:00:00 AM
Cambrault                 Nine haramzada December TWO THOUSAND SIX 12:00:00 AM

LAST_NAME                 HIREDATE
------------------------- ------------------------------------------------------------------------------------------------------------------
Tuvault                   Twenty-Three haramzada November TWO THOUSAND SEVEN 12:00:00 AM
King                      Thirty haramzada January TWO THOUSAND FOUR 12:00:00 AM
Sully                     Four haramzada March TWO THOUSAND FOUR 12:00:00 AM
McEwen                    One haramzada August TWO THOUSAND FOUR 12:00:00 AM
Smith                     Ten haramzada March TWO THOUSAND FIVE 12:00:00 AM
Doran                     Fifteen haramzada December TWO THOUSAND FIVE 12:00:00 AM
Sewall                    Three haramzada November TWO THOUSAND SIX 12:00:00 AM
Vishney                   Eleven haramzada November TWO THOUSAND FIVE 12:00:00 AM
Greene                    Nineteen haramzada March TWO THOUSAND SEVEN 12:00:00 AM
Marvins                   Twenty-Four haramzada January TWO THOUSAND EIGHT 12:00:00 AM
Lee                       Twenty-Three haramzada February TWO THOUSAND EIGHT 12:00:00 AM

LAST_NAME                 HIREDATE
------------------------- ------------------------------------------------------------------------------------------------------------------
Ande                      Twenty-Four haramzada March TWO THOUSAND EIGHT 12:00:00 AM
Banda                     Twenty-One haramzada April TWO THOUSAND EIGHT 12:00:00 AM
Ozer                      Eleven haramzada March TWO THOUSAND FIVE 12:00:00 AM
Bloom                     Twenty-Three haramzada March TWO THOUSAND SIX 12:00:00 AM
Fox                       Twenty-Four haramzada January TWO THOUSAND SIX 12:00:00 AM
Smith                     Twenty-Three haramzada February TWO THOUSAND SEVEN 12:00:00 AM
Bates                     Twenty-Four haramzada March TWO THOUSAND SEVEN 12:00:00 AM
Kumar                     Twenty-One haramzada April TWO THOUSAND EIGHT 12:00:00 AM
Abel                      Eleven haramzada May TWO THOUSAND FOUR 12:00:00 AM
Hutton                    Nineteen haramzada March TWO THOUSAND FIVE 12:00:00 AM
Taylor                    Twenty-Four haramzada March TWO THOUSAND SIX 12:00:00 AM

LAST_NAME                 HIREDATE
------------------------- ------------------------------------------------------------------------------------------------------------------
Livingston                Twenty-Three haramzada April TWO THOUSAND SIX 12:00:00 AM
Grant                     Twenty-Four haramzada May TWO THOUSAND SEVEN 12:00:00 AM
Johnson                   Four haramzada January TWO THOUSAND EIGHT 12:00:00 AM
Taylor                    Twenty-Four haramzada January TWO THOUSAND SIX 12:00:00 AM
Fleaur                    Twenty-Three haramzada February TWO THOUSAND SIX 12:00:00 AM
Sullivan                  Twenty-One haramzada June TWO THOUSAND SEVEN 12:00:00 AM
Geoni                     Three haramzada February TWO THOUSAND EIGHT 12:00:00 AM
Sarchand                  Twenty-Seven haramzada January TWO THOUSAND FOUR 12:00:00 AM
Bull                      Twenty haramzada February TWO THOUSAND FIVE 12:00:00 AM
Dellinger                 Twenty-Four haramzada June TWO THOUSAND SIX 12:00:00 AM
Cabrio                    Seven haramzada February TWO THOUSAND SEVEN 12:00:00 AM

LAST_NAME                 HIREDATE
------------------------- ------------------------------------------------------------------------------------------------------------------
Chung                     Fourteen haramzada June TWO THOUSAND FIVE 12:00:00 AM
Dilly                     Thirteen haramzada August TWO THOUSAND FIVE 12:00:00 AM
Gates                     Eleven haramzada July TWO THOUSAND SIX 12:00:00 AM
Perkins                   Nineteen haramzada December TWO THOUSAND SEVEN 12:00:00 AM
Bell                      Four haramzada February TWO THOUSAND FOUR 12:00:00 AM
Everett                   Three haramzada March TWO THOUSAND FIVE 12:00:00 AM
McCain                    One haramzada July TWO THOUSAND SIX 12:00:00 AM
Jones                     Seventeen haramzada March TWO THOUSAND SEVEN 12:00:00 AM
Walsh                     Twenty-Four haramzada April TWO THOUSAND SIX 12:00:00 AM
Feeney                    Twenty-Three haramzada May TWO THOUSAND SIX 12:00:00 AM
OConnell                  Twenty-One haramzada June TWO THOUSAND SEVEN 12:00:00 AM

LAST_NAME                 HIREDATE
------------------------- ------------------------------------------------------------------------------------------------------------------
Grant                     Thirteen haramzada January TWO THOUSAND EIGHT 12:00:00 AM
Whalen                    Seventeen haramzada September TWO THOUSAND THREE 12:00:00 AM
Hartstein                 Seventeen haramzada February TWO THOUSAND FOUR 12:00:00 AM
Fay                       Seventeen haramzada August TWO THOUSAND FIVE 12:00:00 AM
Mavris                    Seven haramzada June TWO THOUSAND TWO 12:00:00 AM
Baer                      Seven haramzada June TWO THOUSAND TWO 12:00:00 AM
Higgins                   Seven haramzada June TWO THOUSAND TWO 12:00:00 AM
Gietz                     Seven haramzada June TWO THOUSAND TWO 12:00:00 AM

107 rows selected.

SQL> ed
Wrote file afiedt.buf

  1  select last_name,
  2  TO_CHAR (hire_date, 'fmDdsp "oracle bujhi na" Month YEAR fmHH:MI:SS AM')
  3  HIREDATE
  4* FROM employees
SQL> /

LAST_NAME                 HIREDATE
------------------------- ------------------------------------------------------------------------------------------------------------------------
King                      Seventeen oracle bujhi na June TWO THOUSAND THREE 12:00:00 AM
Kochhar                   Twenty-One oracle bujhi na September TWO THOUSAND FIVE 12:00:00 AM
De Haan                   Thirteen oracle bujhi na January TWO THOUSAND ONE 12:00:00 AM
Hunold                    Three oracle bujhi na January TWO THOUSAND SIX 12:00:00 AM
Ernst                     Twenty-One oracle bujhi na May TWO THOUSAND SEVEN 12:00:00 AM
Austin                    Twenty-Five oracle bujhi na June TWO THOUSAND FIVE 12:00:00 AM
Pataballa                 Five oracle bujhi na February TWO THOUSAND SIX 12:00:00 AM
Lorentz                   Seven oracle bujhi na February TWO THOUSAND SEVEN 12:00:00 AM
Greenberg                 Seventeen oracle bujhi na August TWO THOUSAND TWO 12:00:00 AM
Faviet                    Sixteen oracle bujhi na August TWO THOUSAND TWO 12:00:00 AM
Chen                      Twenty-Eight oracle bujhi na September TWO THOUSAND FIVE 12:00:00 AM

LAST_NAME                 HIREDATE
------------------------- ------------------------------------------------------------------------------------------------------------------------
Sciarra                   Thirty oracle bujhi na September TWO THOUSAND FIVE 12:00:00 AM
Urman                     Seven oracle bujhi na March TWO THOUSAND SIX 12:00:00 AM
Popp                      Seven oracle bujhi na December TWO THOUSAND SEVEN 12:00:00 AM
Raphaely                  Seven oracle bujhi na December TWO THOUSAND TWO 12:00:00 AM
Khoo                      Eighteen oracle bujhi na May TWO THOUSAND THREE 12:00:00 AM
Baida                     Twenty-Four oracle bujhi na December TWO THOUSAND FIVE 12:00:00 AM
Tobias                    Twenty-Four oracle bujhi na July TWO THOUSAND FIVE 12:00:00 AM
Himuro                    Fifteen oracle bujhi na November TWO THOUSAND SIX 12:00:00 AM
Colmenares                Ten oracle bujhi na August TWO THOUSAND SEVEN 12:00:00 AM
Weiss                     Eighteen oracle bujhi na July TWO THOUSAND FOUR 12:00:00 AM
Fripp                     Ten oracle bujhi na April TWO THOUSAND FIVE 12:00:00 AM

LAST_NAME                 HIREDATE
------------------------- ------------------------------------------------------------------------------------------------------------------------
Kaufling                  One oracle bujhi na May TWO THOUSAND THREE 12:00:00 AM
Vollman                   Ten oracle bujhi na October TWO THOUSAND FIVE 12:00:00 AM
Mourgos                   Sixteen oracle bujhi na November TWO THOUSAND SEVEN 12:00:00 AM
Nayer                     Sixteen oracle bujhi na July TWO THOUSAND FIVE 12:00:00 AM
Mikkilineni               Twenty-Eight oracle bujhi na September TWO THOUSAND SIX 12:00:00 AM
Landry                    Fourteen oracle bujhi na January TWO THOUSAND SEVEN 12:00:00 AM
Markle                    Eight oracle bujhi na March TWO THOUSAND EIGHT 12:00:00 AM
Bissot                    Twenty oracle bujhi na August TWO THOUSAND FIVE 12:00:00 AM
Atkinson                  Thirty oracle bujhi na October TWO THOUSAND FIVE 12:00:00 AM
Marlow                    Sixteen oracle bujhi na February TWO THOUSAND FIVE 12:00:00 AM
Olson                     Ten oracle bujhi na April TWO THOUSAND SEVEN 12:00:00 AM

LAST_NAME                 HIREDATE
------------------------- ------------------------------------------------------------------------------------------------------------------------
Mallin                    Fourteen oracle bujhi na June TWO THOUSAND FOUR 12:00:00 AM
Rogers                    Twenty-Six oracle bujhi na August TWO THOUSAND SIX 12:00:00 AM
Gee                       Twelve oracle bujhi na December TWO THOUSAND SEVEN 12:00:00 AM
Philtanker                Six oracle bujhi na February TWO THOUSAND EIGHT 12:00:00 AM
Ladwig                    Fourteen oracle bujhi na July TWO THOUSAND THREE 12:00:00 AM
Stiles                    Twenty-Six oracle bujhi na October TWO THOUSAND FIVE 12:00:00 AM
Seo                       Twelve oracle bujhi na February TWO THOUSAND SIX 12:00:00 AM
Patel                     Six oracle bujhi na April TWO THOUSAND SIX 12:00:00 AM
Rajs                      Seventeen oracle bujhi na October TWO THOUSAND THREE 12:00:00 AM
Davies                    Twenty-Nine oracle bujhi na January TWO THOUSAND FIVE 12:00:00 AM
Matos                     Fifteen oracle bujhi na March TWO THOUSAND SIX 12:00:00 AM

LAST_NAME                 HIREDATE
------------------------- ------------------------------------------------------------------------------------------------------------------------
Vargas                    Nine oracle bujhi na July TWO THOUSAND SIX 12:00:00 AM
Russell                   One oracle bujhi na October TWO THOUSAND FOUR 12:00:00 AM
Partners                  Five oracle bujhi na January TWO THOUSAND FIVE 12:00:00 AM
Errazuriz                 Ten oracle bujhi na March TWO THOUSAND FIVE 12:00:00 AM
Cambrault                 Fifteen oracle bujhi na October TWO THOUSAND SEVEN 12:00:00 AM
Zlotkey                   Twenty-Nine oracle bujhi na January TWO THOUSAND EIGHT 12:00:00 AM
Tucker                    Thirty oracle bujhi na January TWO THOUSAND FIVE 12:00:00 AM
Bernstein                 Twenty-Four oracle bujhi na March TWO THOUSAND FIVE 12:00:00 AM
Hall                      Twenty oracle bujhi na August TWO THOUSAND FIVE 12:00:00 AM
Olsen                     Thirty oracle bujhi na March TWO THOUSAND SIX 12:00:00 AM
Cambrault                 Nine oracle bujhi na December TWO THOUSAND SIX 12:00:00 AM

LAST_NAME                 HIREDATE
------------------------- ------------------------------------------------------------------------------------------------------------------------
Tuvault                   Twenty-Three oracle bujhi na November TWO THOUSAND SEVEN 12:00:00 AM
King                      Thirty oracle bujhi na January TWO THOUSAND FOUR 12:00:00 AM
Sully                     Four oracle bujhi na March TWO THOUSAND FOUR 12:00:00 AM
McEwen                    One oracle bujhi na August TWO THOUSAND FOUR 12:00:00 AM
Smith                     Ten oracle bujhi na March TWO THOUSAND FIVE 12:00:00 AM
Doran                     Fifteen oracle bujhi na December TWO THOUSAND FIVE 12:00:00 AM
Sewall                    Three oracle bujhi na November TWO THOUSAND SIX 12:00:00 AM
Vishney                   Eleven oracle bujhi na November TWO THOUSAND FIVE 12:00:00 AM
Greene                    Nineteen oracle bujhi na March TWO THOUSAND SEVEN 12:00:00 AM
Marvins                   Twenty-Four oracle bujhi na January TWO THOUSAND EIGHT 12:00:00 AM
Lee                       Twenty-Three oracle bujhi na February TWO THOUSAND EIGHT 12:00:00 AM

LAST_NAME                 HIREDATE
------------------------- ------------------------------------------------------------------------------------------------------------------------
Ande                      Twenty-Four oracle bujhi na March TWO THOUSAND EIGHT 12:00:00 AM
Banda                     Twenty-One oracle bujhi na April TWO THOUSAND EIGHT 12:00:00 AM
Ozer                      Eleven oracle bujhi na March TWO THOUSAND FIVE 12:00:00 AM
Bloom                     Twenty-Three oracle bujhi na March TWO THOUSAND SIX 12:00:00 AM
Fox                       Twenty-Four oracle bujhi na January TWO THOUSAND SIX 12:00:00 AM
Smith                     Twenty-Three oracle bujhi na February TWO THOUSAND SEVEN 12:00:00 AM
Bates                     Twenty-Four oracle bujhi na March TWO THOUSAND SEVEN 12:00:00 AM
Kumar                     Twenty-One oracle bujhi na April TWO THOUSAND EIGHT 12:00:00 AM
Abel                      Eleven oracle bujhi na May TWO THOUSAND FOUR 12:00:00 AM
Hutton                    Nineteen oracle bujhi na March TWO THOUSAND FIVE 12:00:00 AM
Taylor                    Twenty-Four oracle bujhi na March TWO THOUSAND SIX 12:00:00 AM

LAST_NAME                 HIREDATE
------------------------- ------------------------------------------------------------------------------------------------------------------------
Livingston                Twenty-Three oracle bujhi na April TWO THOUSAND SIX 12:00:00 AM
Grant                     Twenty-Four oracle bujhi na May TWO THOUSAND SEVEN 12:00:00 AM
Johnson                   Four oracle bujhi na January TWO THOUSAND EIGHT 12:00:00 AM
Taylor                    Twenty-Four oracle bujhi na January TWO THOUSAND SIX 12:00:00 AM
Fleaur                    Twenty-Three oracle bujhi na February TWO THOUSAND SIX 12:00:00 AM
Sullivan                  Twenty-One oracle bujhi na June TWO THOUSAND SEVEN 12:00:00 AM
Geoni                     Three oracle bujhi na February TWO THOUSAND EIGHT 12:00:00 AM
Sarchand                  Twenty-Seven oracle bujhi na January TWO THOUSAND FOUR 12:00:00 AM
Bull                      Twenty oracle bujhi na February TWO THOUSAND FIVE 12:00:00 AM
Dellinger                 Twenty-Four oracle bujhi na June TWO THOUSAND SIX 12:00:00 AM
Cabrio                    Seven oracle bujhi na February TWO THOUSAND SEVEN 12:00:00 AM

LAST_NAME                 HIREDATE
------------------------- ------------------------------------------------------------------------------------------------------------------------
Chung                     Fourteen oracle bujhi na June TWO THOUSAND FIVE 12:00:00 AM
Dilly                     Thirteen oracle bujhi na August TWO THOUSAND FIVE 12:00:00 AM
Gates                     Eleven oracle bujhi na July TWO THOUSAND SIX 12:00:00 AM
Perkins                   Nineteen oracle bujhi na December TWO THOUSAND SEVEN 12:00:00 AM
Bell                      Four oracle bujhi na February TWO THOUSAND FOUR 12:00:00 AM
Everett                   Three oracle bujhi na March TWO THOUSAND FIVE 12:00:00 AM
McCain                    One oracle bujhi na July TWO THOUSAND SIX 12:00:00 AM
Jones                     Seventeen oracle bujhi na March TWO THOUSAND SEVEN 12:00:00 AM
Walsh                     Twenty-Four oracle bujhi na April TWO THOUSAND SIX 12:00:00 AM
Feeney                    Twenty-Three oracle bujhi na May TWO THOUSAND SIX 12:00:00 AM
OConnell                  Twenty-One oracle bujhi na June TWO THOUSAND SEVEN 12:00:00 AM

LAST_NAME                 HIREDATE
------------------------- ------------------------------------------------------------------------------------------------------------------------
Grant                     Thirteen oracle bujhi na January TWO THOUSAND EIGHT 12:00:00 AM
Whalen                    Seventeen oracle bujhi na September TWO THOUSAND THREE 12:00:00 AM
Hartstein                 Seventeen oracle bujhi na February TWO THOUSAND FOUR 12:00:00 AM
Fay                       Seventeen oracle bujhi na August TWO THOUSAND FIVE 12:00:00 AM
Mavris                    Seven oracle bujhi na June TWO THOUSAND TWO 12:00:00 AM
Baer                      Seven oracle bujhi na June TWO THOUSAND TWO 12:00:00 AM
Higgins                   Seven oracle bujhi na June TWO THOUSAND TWO 12:00:00 AM
Gietz                     Seven oracle bujhi na June TWO THOUSAND TWO 12:00:00 AM

107 rows selected.

SQL> select * from table;
select * from table
                  *
ERROR at line 1:
ORA-00906: missing left parenthesis


SQL> SELECT * from employees;

EMPLOYEE_ID FIRST_NAME           LAST_NAME                 EMAIL                     PHONE_NUMBER       HIRE_DATE JOB_ID         SALARY COMMISSION_PCT MANAGER_ID DEPARTMENT_ID
----------- -------------------- ------------------------- ------------------------- -------------------- --------- ---------- ---------- -------------- ---------- -------------
        100 Steven               King                      SKING                     515.123.4567       17-JUN-03 AD_PRES         24000                                      90
        101 Neena                Kochhar                   NKOCHHAR                  515.123.4568       21-SEP-05 AD_VP           17000                       100            90
        102 Lex                  De Haan                   LDEHAAN                   515.123.4569       13-JAN-01 AD_VP           17000                       100            90
        103 Alexander            Hunold                    AHUNOLD                   590.423.4567       03-JAN-06 IT_PROG          9000                       102            60
        104 Bruce                Ernst                     BERNST                    590.423.4568       21-MAY-07 IT_PROG          6000                       103            60
        105 David                Austin                    DAUSTIN                   590.423.4569       25-JUN-05 IT_PROG          4800                       103            60
        106 Valli                Pataballa                 VPATABAL                  590.423.4560       05-FEB-06 IT_PROG          4800                       103            60
        107 Diana                Lorentz                   DLORENTZ                  590.423.5567       07-FEB-07 IT_PROG          4200                       103            60
        108 Nancy                Greenberg                 NGREENBE                  515.124.4569       17-AUG-02 FI_MGR          12008                       101           100
        109 Daniel               Faviet                    DFAVIET                   515.124.4169       16-AUG-02 FI_ACCOUNT       9000                       108           100
        110 John                 Chen                      JCHEN                     515.124.4269       28-SEP-05 FI_ACCOUNT       8200                       108           100

EMPLOYEE_ID FIRST_NAME           LAST_NAME                 EMAIL                     PHONE_NUMBER       HIRE_DATE JOB_ID         SALARY COMMISSION_PCT MANAGER_ID DEPARTMENT_ID
----------- -------------------- ------------------------- ------------------------- -------------------- --------- ---------- ---------- -------------- ---------- -------------
        111 Ismael               Sciarra                   ISCIARRA                  515.124.4369       30-SEP-05 FI_ACCOUNT       7700                       108           100
        112 Jose Manuel          Urman                     JMURMAN                   515.124.4469       07-MAR-06 FI_ACCOUNT       7800                       108           100
        113 Luis                 Popp                      LPOPP                     515.124.4567       07-DEC-07 FI_ACCOUNT       6900                       108           100
        114 Den                  Raphaely                  DRAPHEAL                  515.127.4561       07-DEC-02 PU_MAN          11000                       100            30
        115 Alexander            Khoo                      AKHOO                     515.127.4562       18-MAY-03 PU_CLERK         3100                       114            30
        116 Shelli               Baida                     SBAIDA                    515.127.4563       24-DEC-05 PU_CLERK         2900                       114            30
        117 Sigal                Tobias                    STOBIAS                   515.127.4564       24-JUL-05 PU_CLERK         2800                       114            30
        118 Guy                  Himuro                    GHIMURO                   515.127.4565       15-NOV-06 PU_CLERK         2600                       114            30
        119 Karen                Colmenares                KCOLMENA                  515.127.4566       10-AUG-07 PU_CLERK         2500                       114            30
        120 Matthew              Weiss                     MWEISS                    650.123.1234       18-JUL-04 ST_MAN           8000                       100            50
        121 Adam                 Fripp                     AFRIPP                    650.123.2234       10-APR-05 ST_MAN           8200                       100            50

EMPLOYEE_ID FIRST_NAME           LAST_NAME                 EMAIL                     PHONE_NUMBER       HIRE_DATE JOB_ID         SALARY COMMISSION_PCT MANAGER_ID DEPARTMENT_ID
----------- -------------------- ------------------------- ------------------------- -------------------- --------- ---------- ---------- -------------- ---------- -------------
        122 Payam                Kaufling                  PKAUFLIN                  650.123.3234       01-MAY-03 ST_MAN           7900                       100            50
        123 Shanta               Vollman                   SVOLLMAN                  650.123.4234       10-OCT-05 ST_MAN           6500                       100            50
        124 Kevin                Mourgos                   KMOURGOS                  650.123.5234       16-NOV-07 ST_MAN           5800                       100            50
        125 Julia                Nayer                     JNAYER                    650.124.1214       16-JUL-05 ST_CLERK         3200                       120            50
        126 Irene                Mikkilineni               IMIKKILI                  650.124.1224       28-SEP-06 ST_CLERK         2700                       120            50
        127 James                Landry                    JLANDRY                   650.124.1334       14-JAN-07 ST_CLERK         2400                       120            50
        128 Steven               Markle                    SMARKLE                   650.124.1434       08-MAR-08 ST_CLERK         2200                       120            50
        129 Laura                Bissot                    LBISSOT                   650.124.5234       20-AUG-05 ST_CLERK         3300                       121            50
        130 Mozhe                Atkinson                  MATKINSO                  650.124.6234       30-OCT-05 ST_CLERK         2800                       121            50
        131 James                Marlow                    JAMRLOW                   650.124.7234       16-FEB-05 ST_CLERK         2500                       121            50
        132 TJ                   Olson                     TJOLSON                   650.124.8234       10-APR-07 ST_CLERK         2100                       121            50

EMPLOYEE_ID FIRST_NAME           LAST_NAME                 EMAIL                     PHONE_NUMBER       HIRE_DATE JOB_ID         SALARY COMMISSION_PCT MANAGER_ID DEPARTMENT_ID
----------- -------------------- ------------------------- ------------------------- -------------------- --------- ---------- ---------- -------------- ---------- -------------
        133 Jason                Mallin                    JMALLIN                   650.127.1934       14-JUN-04 ST_CLERK         3300                       122            50
        134 Michael              Rogers                    MROGERS                   650.127.1834       26-AUG-06 ST_CLERK         2900                       122            50
        135 Ki                   Gee                       KGEE                      650.127.1734       12-DEC-07 ST_CLERK         2400                       122            50
        136 Hazel                Philtanker                HPHILTAN                  650.127.1634       06-FEB-08 ST_CLERK         2200                       122            50
        137 Renske               Ladwig                    RLADWIG                   650.121.1234       14-JUL-03 ST_CLERK         3600                       123            50
        138 Stephen              Stiles                    SSTILES                   650.121.2034       26-OCT-05 ST_CLERK         3200                       123            50
        139 John                 Seo                       JSEO                      650.121.2019       12-FEB-06 ST_CLERK         2700                       123            50
        140 Joshua               Patel                     JPATEL                    650.121.1834       06-APR-06 ST_CLERK         2500                       123            50
        141 Trenna               Rajs                      TRAJS                     650.121.8009       17-OCT-03 ST_CLERK         3500                       124            50
        142 Curtis               Davies                    CDAVIES                   650.121.2994       29-JAN-05 ST_CLERK         3100                       124            50
        143 Randall              Matos                     RMATOS                    650.121.2874       15-MAR-06 ST_CLERK         2600                       124            50

EMPLOYEE_ID FIRST_NAME           LAST_NAME                 EMAIL                     PHONE_NUMBER       HIRE_DATE JOB_ID         SALARY COMMISSION_PCT MANAGER_ID DEPARTMENT_ID
----------- -------------------- ------------------------- ------------------------- -------------------- --------- ---------- ---------- -------------- ---------- -------------
        144 Peter                Vargas                    PVARGAS                   650.121.2004       09-JUL-06 ST_CLERK         2500                       124            50
        145 John                 Russell                   JRUSSEL                   011.44.1344.429268   01-OCT-04 SA_MAN        14000             .4        100            80
        146 Karen                Partners                  KPARTNER                  011.44.1344.467268   05-JAN-05 SA_MAN        13500             .3        100            80
        147 Alberto              Errazuriz                 AERRAZUR                  011.44.1344.429278   10-MAR-05 SA_MAN        12000             .3        100            80
        148 Gerald               Cambrault                 GCAMBRAU                  011.44.1344.619268   15-OCT-07 SA_MAN        11000             .3        100            80
        149 Eleni                Zlotkey                   EZLOTKEY                  011.44.1344.429018   29-JAN-08 SA_MAN        10500             .2        100            80
        150 Peter                Tucker                    PTUCKER                   011.44.1344.129268   30-JAN-05 SA_REP        10000             .3        145            80
        151 David                Bernstein                 DBERNSTE                  011.44.1344.345268   24-MAR-05 SA_REP         9500            .25        145            80
        152 Peter                Hall                      PHALL                     011.44.1344.478968   20-AUG-05 SA_REP         9000            .25        145            80
        153 Christopher          Olsen                     COLSEN                    011.44.1344.498718   30-MAR-06 SA_REP         8000             .2        145            80
        154 Nanette              Cambrault                 NCAMBRAU                  011.44.1344.987668   09-DEC-06 SA_REP         7500             .2        145            80

EMPLOYEE_ID FIRST_NAME           LAST_NAME                 EMAIL                     PHONE_NUMBER       HIRE_DATE JOB_ID         SALARY COMMISSION_PCT MANAGER_ID DEPARTMENT_ID
----------- -------------------- ------------------------- ------------------------- -------------------- --------- ---------- ---------- -------------- ---------- -------------
        155 Oliver               Tuvault                   OTUVAULT                  011.44.1344.486508   23-NOV-07 SA_REP         7000            .15        145            80
        156 Janette              King                      JKING                     011.44.1345.429268   30-JAN-04 SA_REP        10000            .35        146            80
        157 Patrick              Sully                     PSULLY                    011.44.1345.929268   04-MAR-04 SA_REP         9500            .35        146            80
        158 Allan                McEwen                    AMCEWEN                   011.44.1345.829268   01-AUG-04 SA_REP         9000            .35        146            80
        159 Lindsey              Smith                     LSMITH                    011.44.1345.729268   10-MAR-05 SA_REP         8000             .3        146            80
        160 Louise               Doran                     LDORAN                    011.44.1345.629268   15-DEC-05 SA_REP         7500             .3        146            80
        161 Sarath               Sewall                    SSEWALL                   011.44.1345.529268   03-NOV-06 SA_REP         7000            .25        146            80
        162 Clara                Vishney                   CVISHNEY                  011.44.1346.129268   11-NOV-05 SA_REP        10500            .25        147            80
        163 Danielle             Greene                    DGREENE                   011.44.1346.229268   19-MAR-07 SA_REP         9500            .15        147            80
        164 Mattea               Marvins                   MMARVINS                  011.44.1346.329268   24-JAN-08 SA_REP         7200             .1        147            80
        165 David                Lee                       DLEE                      011.44.1346.529268   23-FEB-08 SA_REP         6800             .1        147            80

EMPLOYEE_ID FIRST_NAME           LAST_NAME                 EMAIL                     PHONE_NUMBER       HIRE_DATE JOB_ID         SALARY COMMISSION_PCT MANAGER_ID DEPARTMENT_ID
----------- -------------------- ------------------------- ------------------------- -------------------- --------- ---------- ---------- -------------- ---------- -------------
        166 Sundar               Ande                      SANDE                     011.44.1346.629268   24-MAR-08 SA_REP         6400             .1        147            80
        167 Amit                 Banda                     ABANDA                    011.44.1346.729268   21-APR-08 SA_REP         6200             .1        147            80
        168 Lisa                 Ozer                      LOZER                     011.44.1343.929268   11-MAR-05 SA_REP        11500            .25        148            80
        169 Harrison             Bloom                     HBLOOM                    011.44.1343.829268   23-MAR-06 SA_REP        10000             .2        148            80
        170 Tayler               Fox                       TFOX                      011.44.1343.729268   24-JAN-06 SA_REP         9600             .2        148            80
        171 William              Smith                     WSMITH                    011.44.1343.629268   23-FEB-07 SA_REP         7400            .15        148            80
        172 Elizabeth            Bates                     EBATES                    011.44.1343.529268   24-MAR-07 SA_REP         7300            .15        148            80
        173 Sundita              Kumar                     SKUMAR                    011.44.1343.329268   21-APR-08 SA_REP         6100             .1        148            80
        174 Ellen                Abel                      EABEL                     011.44.1644.429267   11-MAY-04 SA_REP        11000             .3        149            80
        175 Alyssa               Hutton                    AHUTTON                   011.44.1644.429266   19-MAR-05 SA_REP         8800            .25        149            80
        176 Jonathon             Taylor                    JTAYLOR                   011.44.1644.429265   24-MAR-06 SA_REP         8600             .2        149            80

EMPLOYEE_ID FIRST_NAME           LAST_NAME                 EMAIL                     PHONE_NUMBER       HIRE_DATE JOB_ID         SALARY COMMISSION_PCT MANAGER_ID DEPARTMENT_ID
----------- -------------------- ------------------------- ------------------------- -------------------- --------- ---------- ---------- -------------- ---------- -------------
        177 Jack                 Livingston                JLIVINGS                  011.44.1644.429264   23-APR-06 SA_REP         8400             .2        149            80
        178 Kimberely            Grant                     KGRANT                    011.44.1644.429263   24-MAY-07 SA_REP         7000            .15        149
        179 Charles              Johnson                   CJOHNSON                  011.44.1644.429262   04-JAN-08 SA_REP         6200             .1        149            80
        180 Winston              Taylor                    WTAYLOR                   650.507.9876       24-JAN-06 SH_CLERK         3200                       120            50
        181 Jean                 Fleaur                    JFLEAUR                   650.507.9877       23-FEB-06 SH_CLERK         3100                       120            50
        182 Martha               Sullivan                  MSULLIVA                  650.507.9878       21-JUN-07 SH_CLERK         2500                       120            50
        183 Girard               Geoni                     GGEONI                    650.507.9879       03-FEB-08 SH_CLERK         2800                       120            50
        184 Nandita              Sarchand                  NSARCHAN                  650.509.1876       27-JAN-04 SH_CLERK         4200                       121            50
        185 Alexis               Bull                      ABULL                     650.509.2876       20-FEB-05 SH_CLERK         4100                       121            50
        186 Julia                Dellinger                 JDELLING                  650.509.3876       24-JUN-06 SH_CLERK         3400                       121            50
        187 Anthony              Cabrio                    ACABRIO                   650.509.4876       07-FEB-07 SH_CLERK         3000                       121            50

EMPLOYEE_ID FIRST_NAME           LAST_NAME                 EMAIL                     PHONE_NUMBER       HIRE_DATE JOB_ID         SALARY COMMISSION_PCT MANAGER_ID DEPARTMENT_ID
----------- -------------------- ------------------------- ------------------------- -------------------- --------- ---------- ---------- -------------- ---------- -------------
        188 Kelly                Chung                     KCHUNG                    650.505.1876       14-JUN-05 SH_CLERK         3800                       122            50
        189 Jennifer             Dilly                     JDILLY                    650.505.2876       13-AUG-05 SH_CLERK         3600                       122            50
        190 Timothy              Gates                     TGATES                    650.505.3876       11-JUL-06 SH_CLERK         2900                       122            50
        191 Randall              Perkins                   RPERKINS                  650.505.4876       19-DEC-07 SH_CLERK         2500                       122            50
        192 Sarah                Bell                      SBELL                     650.501.1876       04-FEB-04 SH_CLERK         4000                       123            50
        193 Britney              Everett                   BEVERETT                  650.501.2876       03-MAR-05 SH_CLERK         3900                       123            50
        194 Samuel               McCain                    SMCCAIN                   650.501.3876       01-JUL-06 SH_CLERK         3200                       123            50
        195 Vance                Jones                     VJONES                    650.501.4876       17-MAR-07 SH_CLERK         2800                       123            50
        196 Alana                Walsh                     AWALSH                    650.507.9811       24-APR-06 SH_CLERK         3100                       124            50
        197 Kevin                Feeney                    KFEENEY                   650.507.9822       23-MAY-06 SH_CLERK         3000                       124            50
        198 Donald               OConnell                  DOCONNEL                  650.507.9833       21-JUN-07 SH_CLERK         2600                       124            50

EMPLOYEE_ID FIRST_NAME           LAST_NAME                 EMAIL                     PHONE_NUMBER       HIRE_DATE JOB_ID         SALARY COMMISSION_PCT MANAGER_ID DEPARTMENT_ID
----------- -------------------- ------------------------- ------------------------- -------------------- --------- ---------- ---------- -------------- ---------- -------------
        199 Douglas              Grant                     DGRANT                    650.507.9844       13-JAN-08 SH_CLERK         2600                       124            50
        200 Jennifer             Whalen                    JWHALEN                   515.123.4444       17-SEP-03 AD_ASST          4400                       101            10
        201 Michael              Hartstein                 MHARTSTE                  515.123.5555       17-FEB-04 MK_MAN          13000                       100            20
        202 Pat                  Fay                       PFAY                      603.123.6666       17-AUG-05 MK_REP           6000                       201            20
        203 Susan                Mavris                    SMAVRIS                   515.123.7777       07-JUN-02 HR_REP           6500                       101            40
        204 Hermann              Baer                      HBAER                     515.123.8888       07-JUN-02 PR_REP          10000                       101            70
        205 Shelley              Higgins                   SHIGGINS                  515.123.8080       07-JUN-02 AC_MGR          12008                       101           110
        206 William              Gietz                     WGIETZ                    515.123.8181       07-JUN-02 AC_ACCOUNT       8300                       205           110

107 rows selected.

SQL> set lines 200;\
SP2-0268: linesize option not a valid number
SQL> set lines 3299
SQL> /

EMPLOYEE_ID FIRST_NAME           LAST_NAME                 EMAIL                     PHONE_NUMBER       HIRE_DATE JOB_ID         SALARY COMMISSION_PCT MANAGER_ID DEPARTMENT_ID
----------- -------------------- ------------------------- ------------------------- -------------------- --------- ---------- ---------- -------------- ---------- -------------
        100 Steven               King                      SKING                     515.123.4567       17-JUN-03 AD_PRES         24000                                      90
        101 Neena                Kochhar                   NKOCHHAR                  515.123.4568       21-SEP-05 AD_VP           17000                       100            90
        102 Lex                  De Haan                   LDEHAAN                   515.123.4569       13-JAN-01 AD_VP           17000                       100            90
        103 Alexander            Hunold                    AHUNOLD                   590.423.4567       03-JAN-06 IT_PROG          9000                       102            60
        104 Bruce                Ernst                     BERNST                    590.423.4568       21-MAY-07 IT_PROG          6000                       103            60
        105 David                Austin                    DAUSTIN                   590.423.4569       25-JUN-05 IT_PROG          4800                       103            60
        106 Valli                Pataballa                 VPATABAL                  590.423.4560       05-FEB-06 IT_PROG          4800                       103            60
        107 Diana                Lorentz                   DLORENTZ                  590.423.5567       07-FEB-07 IT_PROG          4200                       103            60
        108 Nancy                Greenberg                 NGREENBE                  515.124.4569       17-AUG-02 FI_MGR          12008                       101           100
        109 Daniel               Faviet                    DFAVIET                   515.124.4169       16-AUG-02 FI_ACCOUNT       9000                       108           100
        110 John                 Chen                      JCHEN                     515.124.4269       28-SEP-05 FI_ACCOUNT       8200                       108           100

EMPLOYEE_ID FIRST_NAME           LAST_NAME                 EMAIL                     PHONE_NUMBER       HIRE_DATE JOB_ID         SALARY COMMISSION_PCT MANAGER_ID DEPARTMENT_ID
----------- -------------------- ------------------------- ------------------------- -------------------- --------- ---------- ---------- -------------- ---------- -------------
        111 Ismael               Sciarra                   ISCIARRA                  515.124.4369       30-SEP-05 FI_ACCOUNT       7700                       108           100
        112 Jose Manuel          Urman                     JMURMAN                   515.124.4469       07-MAR-06 FI_ACCOUNT       7800                       108           100
        113 Luis                 Popp                      LPOPP                     515.124.4567       07-DEC-07 FI_ACCOUNT       6900                       108           100
        114 Den                  Raphaely                  DRAPHEAL                  515.127.4561       07-DEC-02 PU_MAN          11000                       100            30
        115 Alexander            Khoo                      AKHOO                     515.127.4562       18-MAY-03 PU_CLERK         3100                       114            30
        116 Shelli               Baida                     SBAIDA                    515.127.4563       24-DEC-05 PU_CLERK         2900                       114            30
        117 Sigal                Tobias                    STOBIAS                   515.127.4564       24-JUL-05 PU_CLERK         2800                       114            30
        118 Guy                  Himuro                    GHIMURO                   515.127.4565       15-NOV-06 PU_CLERK         2600                       114            30
        119 Karen                Colmenares                KCOLMENA                  515.127.4566       10-AUG-07 PU_CLERK         2500                       114            30
        120 Matthew              Weiss                     MWEISS                    650.123.1234       18-JUL-04 ST_MAN           8000                       100            50
        121 Adam                 Fripp                     AFRIPP                    650.123.2234       10-APR-05 ST_MAN           8200                       100            50

EMPLOYEE_ID FIRST_NAME           LAST_NAME                 EMAIL                     PHONE_NUMBER       HIRE_DATE JOB_ID         SALARY COMMISSION_PCT MANAGER_ID DEPARTMENT_ID
----------- -------------------- ------------------------- ------------------------- -------------------- --------- ---------- ---------- -------------- ---------- -------------
        122 Payam                Kaufling                  PKAUFLIN                  650.123.3234       01-MAY-03 ST_MAN           7900                       100            50
        123 Shanta               Vollman                   SVOLLMAN                  650.123.4234       10-OCT-05 ST_MAN           6500                       100            50
        124 Kevin                Mourgos                   KMOURGOS                  650.123.5234       16-NOV-07 ST_MAN           5800                       100            50
        125 Julia                Nayer                     JNAYER                    650.124.1214       16-JUL-05 ST_CLERK         3200                       120            50
        126 Irene                Mikkilineni               IMIKKILI                  650.124.1224       28-SEP-06 ST_CLERK         2700                       120            50
        127 James                Landry                    JLANDRY                   650.124.1334       14-JAN-07 ST_CLERK         2400                       120            50
        128 Steven               Markle                    SMARKLE                   650.124.1434       08-MAR-08 ST_CLERK         2200                       120            50
        129 Laura                Bissot                    LBISSOT                   650.124.5234       20-AUG-05 ST_CLERK         3300                       121            50
        130 Mozhe                Atkinson                  MATKINSO                  650.124.6234       30-OCT-05 ST_CLERK         2800                       121            50
        131 James                Marlow                    JAMRLOW                   650.124.7234       16-FEB-05 ST_CLERK         2500                       121            50
        132 TJ                   Olson                     TJOLSON                   650.124.8234       10-APR-07 ST_CLERK         2100                       121            50

EMPLOYEE_ID FIRST_NAME           LAST_NAME                 EMAIL                     PHONE_NUMBER       HIRE_DATE JOB_ID         SALARY COMMISSION_PCT MANAGER_ID DEPARTMENT_ID
----------- -------------------- ------------------------- ------------------------- -------------------- --------- ---------- ---------- -------------- ---------- -------------
        133 Jason                Mallin                    JMALLIN                   650.127.1934       14-JUN-04 ST_CLERK         3300                       122            50
        134 Michael              Rogers                    MROGERS                   650.127.1834       26-AUG-06 ST_CLERK         2900                       122            50
        135 Ki                   Gee                       KGEE                      650.127.1734       12-DEC-07 ST_CLERK         2400                       122            50
        136 Hazel                Philtanker                HPHILTAN                  650.127.1634       06-FEB-08 ST_CLERK         2200                       122            50
        137 Renske               Ladwig                    RLADWIG                   650.121.1234       14-JUL-03 ST_CLERK         3600                       123            50
        138 Stephen              Stiles                    SSTILES                   650.121.2034       26-OCT-05 ST_CLERK         3200                       123            50
        139 John                 Seo                       JSEO                      650.121.2019       12-FEB-06 ST_CLERK         2700                       123            50
        140 Joshua               Patel                     JPATEL                    650.121.1834       06-APR-06 ST_CLERK         2500                       123            50
        141 Trenna               Rajs                      TRAJS                     650.121.8009       17-OCT-03 ST_CLERK         3500                       124            50
        142 Curtis               Davies                    CDAVIES                   650.121.2994       29-JAN-05 ST_CLERK         3100                       124            50
        143 Randall              Matos                     RMATOS                    650.121.2874       15-MAR-06 ST_CLERK         2600                       124            50

EMPLOYEE_ID FIRST_NAME           LAST_NAME                 EMAIL                     PHONE_NUMBER       HIRE_DATE JOB_ID         SALARY COMMISSION_PCT MANAGER_ID DEPARTMENT_ID
----------- -------------------- ------------------------- ------------------------- -------------------- --------- ---------- ---------- -------------- ---------- -------------
        144 Peter                Vargas                    PVARGAS                   650.121.2004       09-JUL-06 ST_CLERK         2500                       124            50
        145 John                 Russell                   JRUSSEL                   011.44.1344.429268   01-OCT-04 SA_MAN        14000             .4        100            80
        146 Karen                Partners                  KPARTNER                  011.44.1344.467268   05-JAN-05 SA_MAN        13500             .3        100            80
        147 Alberto              Errazuriz                 AERRAZUR                  011.44.1344.429278   10-MAR-05 SA_MAN        12000             .3        100            80
        148 Gerald               Cambrault                 GCAMBRAU                  011.44.1344.619268   15-OCT-07 SA_MAN        11000             .3        100            80
        149 Eleni                Zlotkey                   EZLOTKEY                  011.44.1344.429018   29-JAN-08 SA_MAN        10500             .2        100            80
        150 Peter                Tucker                    PTUCKER                   011.44.1344.129268   30-JAN-05 SA_REP        10000             .3        145            80
        151 David                Bernstein                 DBERNSTE                  011.44.1344.345268   24-MAR-05 SA_REP         9500            .25        145            80
        152 Peter                Hall                      PHALL                     011.44.1344.478968   20-AUG-05 SA_REP         9000            .25        145            80
        153 Christopher          Olsen                     COLSEN                    011.44.1344.498718   30-MAR-06 SA_REP         8000             .2        145            80
        154 Nanette              Cambrault                 NCAMBRAU                  011.44.1344.987668   09-DEC-06 SA_REP         7500             .2        145            80

EMPLOYEE_ID FIRST_NAME           LAST_NAME                 EMAIL                     PHONE_NUMBER       HIRE_DATE JOB_ID         SALARY COMMISSION_PCT MANAGER_ID DEPARTMENT_ID
----------- -------------------- ------------------------- ------------------------- -------------------- --------- ---------- ---------- -------------- ---------- -------------
        155 Oliver               Tuvault                   OTUVAULT                  011.44.1344.486508   23-NOV-07 SA_REP         7000            .15        145            80
        156 Janette              King                      JKING                     011.44.1345.429268   30-JAN-04 SA_REP        10000            .35        146            80
        157 Patrick              Sully                     PSULLY                    011.44.1345.929268   04-MAR-04 SA_REP         9500            .35        146            80
        158 Allan                McEwen                    AMCEWEN                   011.44.1345.829268   01-AUG-04 SA_REP         9000            .35        146            80
        159 Lindsey              Smith                     LSMITH                    011.44.1345.729268   10-MAR-05 SA_REP         8000             .3        146            80
        160 Louise               Doran                     LDORAN                    011.44.1345.629268   15-DEC-05 SA_REP         7500             .3        146            80
        161 Sarath               Sewall                    SSEWALL                   011.44.1345.529268   03-NOV-06 SA_REP         7000            .25        146            80
        162 Clara                Vishney                   CVISHNEY                  011.44.1346.129268   11-NOV-05 SA_REP        10500            .25        147            80
        163 Danielle             Greene                    DGREENE                   011.44.1346.229268   19-MAR-07 SA_REP         9500            .15        147            80
        164 Mattea               Marvins                   MMARVINS                  011.44.1346.329268   24-JAN-08 SA_REP         7200             .1        147            80
        165 David                Lee                       DLEE                      011.44.1346.529268   23-FEB-08 SA_REP         6800             .1        147            80

EMPLOYEE_ID FIRST_NAME           LAST_NAME                 EMAIL                     PHONE_NUMBER       HIRE_DATE JOB_ID         SALARY COMMISSION_PCT MANAGER_ID DEPARTMENT_ID
----------- -------------------- ------------------------- ------------------------- -------------------- --------- ---------- ---------- -------------- ---------- -------------
        166 Sundar               Ande                      SANDE                     011.44.1346.629268   24-MAR-08 SA_REP         6400             .1        147            80
        167 Amit                 Banda                     ABANDA                    011.44.1346.729268   21-APR-08 SA_REP         6200             .1        147            80
        168 Lisa                 Ozer                      LOZER                     011.44.1343.929268   11-MAR-05 SA_REP        11500            .25        148            80
        169 Harrison             Bloom                     HBLOOM                    011.44.1343.829268   23-MAR-06 SA_REP        10000             .2        148            80
        170 Tayler               Fox                       TFOX                      011.44.1343.729268   24-JAN-06 SA_REP         9600             .2        148            80
        171 William              Smith                     WSMITH                    011.44.1343.629268   23-FEB-07 SA_REP         7400            .15        148            80
        172 Elizabeth            Bates                     EBATES                    011.44.1343.529268   24-MAR-07 SA_REP         7300            .15        148            80
        173 Sundita              Kumar                     SKUMAR                    011.44.1343.329268   21-APR-08 SA_REP         6100             .1        148            80
        174 Ellen                Abel                      EABEL                     011.44.1644.429267   11-MAY-04 SA_REP        11000             .3        149            80
        175 Alyssa               Hutton                    AHUTTON                   011.44.1644.429266   19-MAR-05 SA_REP         8800            .25        149            80
        176 Jonathon             Taylor                    JTAYLOR                   011.44.1644.429265   24-MAR-06 SA_REP         8600             .2        149            80

EMPLOYEE_ID FIRST_NAME           LAST_NAME                 EMAIL                     PHONE_NUMBER       HIRE_DATE JOB_ID         SALARY COMMISSION_PCT MANAGER_ID DEPARTMENT_ID
----------- -------------------- ------------------------- ------------------------- -------------------- --------- ---------- ---------- -------------- ---------- -------------
        177 Jack                 Livingston                JLIVINGS                  011.44.1644.429264   23-APR-06 SA_REP         8400             .2        149            80
        178 Kimberely            Grant                     KGRANT                    011.44.1644.429263   24-MAY-07 SA_REP         7000            .15        149
        179 Charles              Johnson                   CJOHNSON                  011.44.1644.429262   04-JAN-08 SA_REP         6200             .1        149            80
        180 Winston              Taylor                    WTAYLOR                   650.507.9876       24-JAN-06 SH_CLERK         3200                       120            50
        181 Jean                 Fleaur                    JFLEAUR                   650.507.9877       23-FEB-06 SH_CLERK         3100                       120            50
        182 Martha               Sullivan                  MSULLIVA                  650.507.9878       21-JUN-07 SH_CLERK         2500                       120            50
        183 Girard               Geoni                     GGEONI                    650.507.9879       03-FEB-08 SH_CLERK         2800                       120            50
        184 Nandita              Sarchand                  NSARCHAN                  650.509.1876       27-JAN-04 SH_CLERK         4200                       121            50
        185 Alexis               Bull                      ABULL                     650.509.2876       20-FEB-05 SH_CLERK         4100                       121            50
        186 Julia                Dellinger                 JDELLING                  650.509.3876       24-JUN-06 SH_CLERK         3400                       121            50
        187 Anthony              Cabrio                    ACABRIO                   650.509.4876       07-FEB-07 SH_CLERK         3000                       121            50

EMPLOYEE_ID FIRST_NAME           LAST_NAME                 EMAIL                     PHONE_NUMBER       HIRE_DATE JOB_ID         SALARY COMMISSION_PCT MANAGER_ID DEPARTMENT_ID
----------- -------------------- ------------------------- ------------------------- -------------------- --------- ---------- ---------- -------------- ---------- -------------
        188 Kelly                Chung                     KCHUNG                    650.505.1876       14-JUN-05 SH_CLERK         3800                       122            50
        189 Jennifer             Dilly                     JDILLY                    650.505.2876       13-AUG-05 SH_CLERK         3600                       122            50
        190 Timothy              Gates                     TGATES                    650.505.3876       11-JUL-06 SH_CLERK         2900                       122            50
        191 Randall              Perkins                   RPERKINS                  650.505.4876       19-DEC-07 SH_CLERK         2500                       122            50
        192 Sarah                Bell                      SBELL                     650.501.1876       04-FEB-04 SH_CLERK         4000                       123            50
        193 Britney              Everett                   BEVERETT                  650.501.2876       03-MAR-05 SH_CLERK         3900                       123            50
        194 Samuel               McCain                    SMCCAIN                   650.501.3876       01-JUL-06 SH_CLERK         3200                       123            50
        195 Vance                Jones                     VJONES                    650.501.4876       17-MAR-07 SH_CLERK         2800                       123            50
        196 Alana                Walsh                     AWALSH                    650.507.9811       24-APR-06 SH_CLERK         3100                       124            50
        197 Kevin                Feeney                    KFEENEY                   650.507.9822       23-MAY-06 SH_CLERK         3000                       124            50
        198 Donald               OConnell                  DOCONNEL                  650.507.9833       21-JUN-07 SH_CLERK         2600                       124            50

EMPLOYEE_ID FIRST_NAME           LAST_NAME                 EMAIL                     PHONE_NUMBER       HIRE_DATE JOB_ID         SALARY COMMISSION_PCT MANAGER_ID DEPARTMENT_ID
----------- -------------------- ------------------------- ------------------------- -------------------- --------- ---------- ---------- -------------- ---------- -------------
        199 Douglas              Grant                     DGRANT                    650.507.9844       13-JAN-08 SH_CLERK         2600                       124            50
        200 Jennifer             Whalen                    JWHALEN                   515.123.4444       17-SEP-03 AD_ASST          4400                       101            10
        201 Michael              Hartstein                 MHARTSTE                  515.123.5555       17-FEB-04 MK_MAN          13000                       100            20
        202 Pat                  Fay                       PFAY                      603.123.6666       17-AUG-05 MK_REP           6000                       201            20
        203 Susan                Mavris                    SMAVRIS                   515.123.7777       07-JUN-02 HR_REP           6500                       101            40
        204 Hermann              Baer                      HBAER                     515.123.8888       07-JUN-02 PR_REP          10000                       101            70
        205 Shelley              Higgins                   SHIGGINS                  515.123.8080       07-JUN-02 AC_MGR          12008                       101           110
        206 William              Gietz                     WGIETZ                    515.123.8181       07-JUN-02 AC_ACCOUNT       8300                       205           110

107 rows selected.

SQL> SELECT last_name, salary, TO_CHAR(salary, '$99,999.00') SALARY
  2  FROM employees
  3  WHERE last_name = 'Earnst';

no rows selected

SQL> ed
Wrote file afiedt.buf

  1  SELECT last_name, salary, TO_CHAR(salary, '$9,999.00') SALARY
  2  FROM employees
  3* WHERE last_name = 'Earnst'
SQL> /

no rows selected

SQL> ed
Wrote file afiedt.buf

  1  SELECT last_name, salary, TO_CHAR(salary, '$9,999.00') SALARY
  2  FROM employees
  3* WHERE last_name = 'Ernst'
SQL> /

LAST_NAME                     SALARY SALARY
------------------------- ---------- ----------
Ernst                           6000  $6,000.00

SQL> ed
Wrote file afiedt.buf

  1  SELECT last_name, salary, TO_CHAR(salary, '$9999,999.00') SALARY
  2  FROM employees
  3* WHERE last_name = 'Ernst'
SQL> /

LAST_NAME                     SALARY SALARY
------------------------- ---------- -------------
Ernst                           6000     $6,000.00

SQL> select last_name, salary, TO_CHAR(Salary, '$99,999.00')SALARY
  2  FROM employees
  3  WHERE last_name ='Ernst';

LAST_NAME                     SALARY SALARY
------------------------- ---------- -----------
Ernst                           6000   $6,000.00

SQL> ed
Wrote file afiedt.buf

  1  select last_name, salary, TO_CHAR(Salary, '$099,999.00')SALARY
  2  FROM employees
  3* WHERE last_name ='Ernst'
SQL> /

LAST_NAME                     SALARY SALARY
------------------------- ---------- ------------
Ernst                           6000  $006,000.00

SQL> ed
Wrote file afiedt.buf

  1  select last_name, salary, TO_CHAR(Salary, 'L$099,999.00')SALARY
  2  FROM employees
  3* WHERE last_name ='Ernst'
SQL> /
select last_name, salary, TO_CHAR(Salary, 'L$099,999.00')SALARY
                                          *
ERROR at line 1:
ORA-01481: invalid number format model


SQL> ed
Wrote file afiedt.buf

  1  select last_name, salary, TO_CHAR(Salary, 'PR$099,999.00')SALARY
  2  FROM employees
  3* WHERE last_name ='Ernst'
SQL> /
select last_name, salary, TO_CHAR(Salary, 'PR$099,999.00')SALARY
                                          *
ERROR at line 1:
ORA-01481: invalid number format model


SQL> ed
Wrote file afiedt.buf

  1  select last_name, salary, TO_CHAR(Salary, 'L00099,999.00')SALARY
  2  FROM employees
  3* WHERE last_name ='Ernst'
SQL> /

LAST_NAME                     SALARY SALARY
------------------------- ---------- -----------------------
Ernst                           6000           $00006,000.00

SQL> ed
Wrote file afiedt.buf

  1  select last_name, salary, TO_CHAR(Salary, 'D00099,999.00')SALARY
  2  FROM employees
  3* WHERE last_name ='Ernst'
SQL> /
select last_name, salary, TO_CHAR(Salary, 'D00099,999.00')SALARY
                                          *
ERROR at line 1:
ORA-01481: invalid number format model


SQL> ed
Wrote file afiedt.buf

  1  select last_name, salary, TO_CHAR(Salary, '00099,999.00PR')SALARY
  2  FROM employees
  3* WHERE last_name ='Ernst'
SQL> /

LAST_NAME                     SALARY SALARY
------------------------- ---------- --------------
Ernst                           6000  00006,000.00

SQL> to_char(hire_date, 'fmDD Month Year') AS hiredateto_char(hire_date, 'fmDD Month Year') AS hiredate
SP2-0734: unknown command beginning "to_char(hi..." - rest of line ignored.
SQL> select last_name, hire_date
  2  from employees
  3  where hire_date=to_date('May 24, 2007','Month DD, YYYY');

LAST_NAME                 HIRE_DATE
------------------------- ---------
Grant                     24-MAY-07

SQL> ed
Wrote file afiedt.buf

  1  select last_name, hire_date
  2  from employees
  3* where hire_date=to_date('May  24, 2007','fxMonth DD, YYYY')
SQL> /
where hire_date=to_date('May  24, 2007','fxMonth DD, YYYY')
                        *
ERROR at line 3:
ORA-01858: a non-numeric character was found where a numeric was expected


SQL> ed
Wrote file afiedt.buf

  1  select last_name, hire_date
  2  from employees
  3* where hire_date=to_date('May 24, 2007','fxMonth DD, YYYY')
SQL> /

LAST_NAME                 HIRE_DATE
------------------------- ---------
Grant                     24-MAY-07

SQL> select last_name, salary, commission_pct,
  2  NVL(commission_pct,0),
  3  (salary*12)+(salary*12*NVL(commission_pct,0)) AN_SAL
  4  FROM employees
  5  /

LAST_NAME                     SALARY COMMISSION_PCT NVL(COMMISSION_PCT,0)     AN_SAL
------------------------- ---------- -------------- --------------------- ----------
King                           24000                                    0     288000
Kochhar                        17000                                    0     204000
De Haan                        17000                                    0     204000
Hunold                          9000                                    0     108000
Ernst                           6000                                    0      72000
Austin                          4800                                    0      57600
Pataballa                       4800                                    0      57600
Lorentz                         4200                                    0      50400
Greenberg                      12008                                    0     144096
Faviet                          9000                                    0     108000
Chen                            8200                                    0      98400

LAST_NAME                     SALARY COMMISSION_PCT NVL(COMMISSION_PCT,0)     AN_SAL
------------------------- ---------- -------------- --------------------- ----------
Sciarra                         7700                                    0      92400
Urman                           7800                                    0      93600
Popp                            6900                                    0      82800
Raphaely                       11000                                    0     132000
Khoo                            3100                                    0      37200
Baida                           2900                                    0      34800
Tobias                          2800                                    0      33600
Himuro                          2600                                    0      31200
Colmenares                      2500                                    0      30000
Weiss                           8000                                    0      96000
Fripp                           8200                                    0      98400

LAST_NAME                     SALARY COMMISSION_PCT NVL(COMMISSION_PCT,0)     AN_SAL
------------------------- ---------- -------------- --------------------- ----------
Kaufling                        7900                                    0      94800
Vollman                         6500                                    0      78000
Mourgos                         5800                                    0      69600
Nayer                           3200                                    0      38400
Mikkilineni                     2700                                    0      32400
Landry                          2400                                    0      28800
Markle                          2200                                    0      26400
Bissot                          3300                                    0      39600
Atkinson                        2800                                    0      33600
Marlow                          2500                                    0      30000
Olson                           2100                                    0      25200

LAST_NAME                     SALARY COMMISSION_PCT NVL(COMMISSION_PCT,0)     AN_SAL
------------------------- ---------- -------------- --------------------- ----------
Mallin                          3300                                    0      39600
Rogers                          2900                                    0      34800
Gee                             2400                                    0      28800
Philtanker                      2200                                    0      26400
Ladwig                          3600                                    0      43200
Stiles                          3200                                    0      38400
Seo                             2700                                    0      32400
Patel                           2500                                    0      30000
Rajs                            3500                                    0      42000
Davies                          3100                                    0      37200
Matos                           2600                                    0      31200

LAST_NAME                     SALARY COMMISSION_PCT NVL(COMMISSION_PCT,0)     AN_SAL
------------------------- ---------- -------------- --------------------- ----------
Vargas                          2500                                    0      30000
Russell                        14000             .4                    .4     235200
Partners                       13500             .3                    .3     210600
Errazuriz                      12000             .3                    .3     187200
Cambrault                      11000             .3                    .3     171600
Zlotkey                        10500             .2                    .2     151200
Tucker                         10000             .3                    .3     156000
Bernstein                       9500            .25                   .25     142500
Hall                            9000            .25                   .25     135000
Olsen                           8000             .2                    .2     115200
Cambrault                       7500             .2                    .2     108000

LAST_NAME                     SALARY COMMISSION_PCT NVL(COMMISSION_PCT,0)     AN_SAL
------------------------- ---------- -------------- --------------------- ----------
Tuvault                         7000            .15                   .15      96600
King                           10000            .35                   .35     162000
Sully                           9500            .35                   .35     153900
McEwen                          9000            .35                   .35     145800
Smith                           8000             .3                    .3     124800
Doran                           7500             .3                    .3     117000
Sewall                          7000            .25                   .25     105000
Vishney                        10500            .25                   .25     157500
Greene                          9500            .15                   .15     131100
Marvins                         7200             .1                    .1      95040
Lee                             6800             .1                    .1      89760

LAST_NAME                     SALARY COMMISSION_PCT NVL(COMMISSION_PCT,0)     AN_SAL
------------------------- ---------- -------------- --------------------- ----------
Ande                            6400             .1                    .1      84480
Banda                           6200             .1                    .1      81840
Ozer                           11500            .25                   .25     172500
Bloom                          10000             .2                    .2     144000
Fox                             9600             .2                    .2     138240
Smith                           7400            .15                   .15     102120
Bates                           7300            .15                   .15     100740
Kumar                           6100             .1                    .1      80520
Abel                           11000             .3                    .3     171600
Hutton                          8800            .25                   .25     132000
Taylor                          8600             .2                    .2     123840

LAST_NAME                     SALARY COMMISSION_PCT NVL(COMMISSION_PCT,0)     AN_SAL
------------------------- ---------- -------------- --------------------- ----------
Livingston                      8400             .2                    .2     120960
Grant                           7000            .15                   .15      96600
Johnson                         6200             .1                    .1      81840
Taylor                          3200                                    0      38400
Fleaur                          3100                                    0      37200
Sullivan                        2500                                    0      30000
Geoni                           2800                                    0      33600
Sarchand                        4200                                    0      50400
Bull                            4100                                    0      49200
Dellinger                       3400                                    0      40800
Cabrio                          3000                                    0      36000

LAST_NAME                     SALARY COMMISSION_PCT NVL(COMMISSION_PCT,0)     AN_SAL
------------------------- ---------- -------------- --------------------- ----------
Chung                           3800                                    0      45600
Dilly                           3600                                    0      43200
Gates                           2900                                    0      34800
Perkins                         2500                                    0      30000
Bell                            4000                                    0      48000
Everett                         3900                                    0      46800
McCain                          3200                                    0      38400
Jones                           2800                                    0      33600
Walsh                           3100                                    0      37200
Feeney                          3000                                    0      36000
OConnell                        2600                                    0      31200

LAST_NAME                     SALARY COMMISSION_PCT NVL(COMMISSION_PCT,0)     AN_SAL
------------------------- ---------- -------------- --------------------- ----------
Grant                           2600                                    0      31200
Whalen                          4400                                    0      52800
Hartstein                      13000                                    0     156000
Fay                             6000                                    0      72000
Mavris                          6500                                    0      78000
Baer                           10000                                    0     120000
Higgins                        12008                                    0     144096
Gietz                           8300                                    0      99600

107 rows selected.

SQL>